shipment_id,customer,origin,destination,carrier,distance,cost,order_date,expected_delivery,actual_delivery,product,invoice_amount,status
SHP-39791853,Leon-Gordon,Barkertown,West Kara,,8115.26,4555.91,2026-01-25 13:54:58,2026-02-12 13:54:58,2026-02-10 13:54:58,Electronics,5418.74,Delivered
SHP-65707869,Hughes-Smith,New Chase,Bryanland,Evergreen,5296.05,3052.67,2025-08-10 14:26:53,2025-08-24 14:26:53,2025-08-23 14:26:53,Chemicals,4012.18,Delivered
SHP-29371466,Smith PLC,Brownview,Bartlettmouth,Hapag-Lloyd,1388.77,597.02,2025-08-03 13:26:15,2025-08-08 13:26:15,2025-08-07 13:26:15,Textiles,684.56,Delivered
SHP-9903901,Adams-Dyer,South Jeremyborough,Barkertown,,7396.22,3979.71,2025-07-16 08:19:59,2025-08-03 08:19:59,2025-08-01 08:19:59,Chemicals,5940.47,Delivered
SHP-61557592,Chang Group Inc,Eatonstad,Brownview,CMA CGM,3513.02,6685.17,2025-03-24 17:40:19,2025-04-04 17:40:19,2025-04-18 17:40:19,Electronics,8974.96,Delivered
SHP-11883981,Leon-Gordon,New Chase,West Stephanieborough,Evergreen,8159.29,3894.37,2025-08-14 19:39:13,2025-09-01 19:39:13,2025-09-09 19:39:13,Foodstuff,4509.28,Delivered
SHP-88136081,"Jenkins, Caldwell and Hughes",Barkertown,West Joshuabury,Maersk,3313.9,8174.77,2025-04-24 04:54:55,2025-05-05 04:54:55,2025-05-05 04:54:55,Textiles,10723.63,Delivered
SHP-71684037,Watson-Welch,New Chase,South Tiffanytown,Evergreen,2228.53,1270.8,2026-03-05 13:49:20,2026-03-12 13:49:20,2026-03-10 13:49:20,Chemicals,1704.47,Delivered
SHP-79641723,"Elliott, Sutton and Jackson",Barkertown,Ginatown,Evergreen,8890.72,3860.63,2025-06-28 11:28:50,2025-07-17 11:28:50,2025-07-17 11:28:50,Textiles,4576.75,Delivered
SHP-60766159,Olson-Brown,South Jeremyborough,Bryanland,COSCO,3438.72,1849.66,2025-08-27 04:16:15,2025-09-06 04:16:15,2025-09-06 04:16:15,Foodstuff,2668.75,Delivered
SHP-44957733,Miller-Williams Inc,Bryanland,Lake Derekhaven,,3108.39,1379.4,2025-11-28 08:47:48,2025-12-08 08:47:48,2025-12-07 08:47:48,Foodstuff,1553.42,Delivered
SHP-25905988,Watson-Welch,Eatonstad,Barkertown,Evergreen,1943.33,926.55,2025-06-14 00:49:01,2025-06-21 00:49:01,2025-06-20 00:49:01,Electronics,1204.3,Delivered
SHP-71878138,"Smith, Bowers and Kim",Meganhaven,Taylorland,,8815.34,5162.17,2025-10-02 21:22:04,2025-10-22 21:22:04,2025-10-20 21:22:04,Electronics,7053.15,Delivered
SHP-73243074,"Oneal, Thompson and White",Meganhaven,Bryanland,,8976.35,3726.07,2025-12-17 18:47:29,2026-01-08 18:47:29,2026-01-06 18:47:29,Electronics,4517.68,Delivered
SHP-51928208,Mcbride-Gilmore,Meganhaven,Williamshire,Evergreen,7705.9,3763.27,2025-07-01 21:17:59,2025-07-21 21:17:59,2025-07-20 21:17:59,Electronics,5010.36,Delivered
SHP-9398328,Miller-Downs,Lake Susan,Bartlettmouth,ONE,8506.18,4144.4,2025-04-10 12:40:30,2025-05-01 12:40:30,2025-05-13 12:40:30,Auto Parts,5385.3,Delivered
SHP-89446749,Kim Ltd,Gravesmouth,Williamshire,,6470.4,3239.03,2025-10-02 21:47:28,2025-10-17 21:47:28,2025-10-16 21:47:28,Machinery,4335.34,Delivered
SHP-58127718,Castro-Larson,Bartlettmouth,West Joshuabury,Evergreen,1786.23,845.89,2026-01-31 10:43:58,2026-02-06 10:43:58,2026-02-06 10:43:58,Chemicals,1193.56,Delivered
SHP-1047138,Smith PLC,South Tiffanytown,Williamshire,Hapag-Lloyd,526.0,234.05,2025-05-09 10:49:22,2025-05-15 10:49:22,2025-05-23 10:49:22,Chemicals,300.15,Delivered
SHP-9210105,Gomez-Frost,Lake Susan,North Johnfort,Maersk,2952.6,1571.04,2025-09-06 11:01:19,2025-09-13 11:01:19,2025-09-17 11:01:19,Medicines,2030.96,Delivered
SHP-12952075,Hughes-Smith,Ginatown,Brownview,CMA CGM,9141.64,3739.95,2025-04-21 10:54:25,2025-05-14 10:54:25,2025-05-13 10:54:25,Machinery,4741.9,Delivered
SHP-1290897,"Campbell, Owen and Marquez",Meganhaven,South Jeremyborough,Maersk,3679.38,2065.49,2025-10-06 19:16:45,2025-10-16 19:16:45,2025-10-14 19:16:45,Medicines,2825.99,Delivered
SHP-80235784,Mcfarland LLC,Brownview,West Stephanieborough,COSCO,2863.53,1611.07,2025-03-16 01:38:07,2025-03-26 01:38:07,2025-03-30 01:38:07,Medicines,2100.29,Delivered
SHP-89596787,Chang Group,West Joshuabury,Bartlettmouth,COSCO,7063.21,2892.2,2025-03-17 11:24:56,2025-04-03 11:24:56,2025-04-03 11:24:56,Textiles,3759.15,Delivered
SHP-74734415,Johnson-Jennings,Eatonstad,West Kara,COSCO,6805.16,3822.61,2025-06-22 14:07:23,2025-07-10 14:07:23,2025-07-10 14:07:23,Textiles,5621.53,Delivered
SHP-78232520,Leon-Gordon,Ginatown,Williamshire,CMA CGM,5427.38,3070.04,2025-04-01 05:13:27,2025-04-15 05:13:27,2025-04-13 05:13:27,Machinery,3953.12,Delivered
SHP-80012270,Wyatt-Peterson,Lake Susan,South Jeremyborough,Evergreen,1216.39,491.36,2025-10-21 07:11:59,2025-10-27 07:11:59,2025-10-27 07:11:59,Electronics,725.66,Delivered
SHP-95288513,Weiss Inc,Bryanland,West Kara,ONE,4544.27,2000.01,2025-07-14 03:27:52,2025-07-26 03:27:52,2025-07-26 03:27:52,Medicines,2982.75,Delivered
SHP-33229587,Mcbride-Gilmore,Eatonstad,Barkertown,CMA CGM,2136.85,1199.26,2025-05-02 00:53:40,2025-05-11 00:53:40,2025-05-11 00:53:40,Chemicals,1517.4,Delivered
SHP-82202904,Weiss Inc,Meganhaven,Ginatown,COSCO,1676.74,874.31,2026-02-03 07:14:07,2026-02-09 07:14:07,2026-02-09 07:14:07,Foodstuff,1148.87,Delivered
SHP-40325973,Olson-Brown,Deniseshire,West Joshuabury,ONE,1003.6,486.12,2025-11-11 08:40:15,2025-11-15 08:40:15,2025-11-13 08:40:15,Auto Parts,619.92,Delivered
SHP-3027985,Velazquez Inc,Ginatown,Lake Derekhaven,Evergreen,2497.96,1189.74,2025-07-10 03:26:20,2025-07-19 03:26:20,2025-07-21 03:26:20,Auto Parts,1378.24,Delivered
SHP-50004242,Sutton Group,Lake Derekhaven,Bartlettmouth,,5417.32,2455.82,2025-06-24 06:12:47,2025-07-08 06:12:47,2025-07-06 06:12:47,Foodstuff,3328.42,Delivered
SHP-7062462,Watson-Welch,South Jeremyborough,Bartlettmouth,CMA CGM,1813.16,802.02,2025-11-20 00:20:54,2025-11-28 00:20:54,2025-11-27 00:20:54,Machinery,1017.71,Delivered
SHP-878387,Martin-Taylor Inc,West Kara,South Tiffanytown,COSCO,7691.0,4013.51,2025-09-04 22:18:31,2025-09-21 22:18:31,2025-09-21 22:18:31,Electronics,4472.19,Delivered
SHP-75492128,Olson-Brown,Ginatown,Lake Susan,Maersk,5249.78,2850.46,2025-12-10 10:14:07,2025-12-25 10:14:07,2025-12-25 10:14:07,Machinery,3368.01,Delivered
SHP-54185166,Rogers-Hammond,Meganhaven,Lake Derekhaven,CMA CGM,6870.39,2986.4,2025-06-10 07:03:33,2025-06-26 07:03:33,2025-06-25 07:03:33,Foodstuff,3438.11,Delivered
SHP-31366578,Mayer-Green,South Jeremyborough,Barkertown,CMA CGM,6114.85,3332.6,2025-08-07 15:23:30,2025-08-24 15:23:30,2025-08-29 15:23:30,Machinery,4420.34,Delivered
SHP-720430,"Black, Smith and Wright",South Jeremyborough,Brownview,Hapag-Lloyd,5372.52,3040.58,2025-04-23 17:04:04,2025-05-07 17:04:04,2025-05-07 17:04:04,Auto Parts,3532.6,Delivered
SHP-47496875,Sutton Group,South Tiffanytown,Taylorland,Hapag-Lloyd,8327.85,3487.26,2025-12-18 22:06:11,2026-01-05 22:06:11,2026-01-05 22:06:11,Textiles,5070.93,Delivered
SHP-47645476,Bolton and Sons,Lake Susan,Bryanland,ONE,9135.04,5204.16,2025-05-30 04:13:28,2025-06-21 04:13:28,2025-06-27 04:13:28,Chemicals,6893.35,Delivered
SHP-48342214,Watson-Welch,West Kara,Brownview,MSC,2597.8,1376.3,2025-11-06 01:39:09,2025-11-14 01:39:09,2025-11-14 01:39:09,Medicines,1554.54,Delivered
SHP-48222522,Fields-Miller,Williamshire,Gravesmouth,Hapag-Lloyd,1090.06,525.75,2025-07-18 16:56:08,2025-07-22 16:56:08,2025-07-21 16:56:08,Auto Parts,644.19,Delivered
SHP-83277895,Gomez-Frost,Gravesmouth,Brownview,MSC,6101.56,3490.63,2025-03-23 14:25:31,2025-04-07 14:25:31,2025-04-16 14:25:31,Textiles,4858.7,Delivered
SHP-62757483,"Hines, Parker and Potts",West Kara,New Chase,ONE,2319.87,4918.63,2025-06-29 22:15:17,2025-07-07 22:15:17,2025-07-06 22:15:17,Foodstuff,7159.52,Delivered
SHP-31201657,Williams Inc,Gravesmouth,West Joshuabury,CMA CGM,7555.81,4478.12,2026-02-12 23:29:10,2026-03-03 23:29:10,2026-03-02 23:29:10,Machinery,6029.58,Delivered
SHP-76777630,Kim Ltd Inc,West Stephanieborough,Gravesmouth,Evergreen,6794.64,3764.79,2026-03-10 00:06:10,2026-03-28 00:06:10,2026-03-26 00:06:10,Chemicals,5368.14,Delivered
SHP-11497420,Smith PLC,Gravesmouth,South Jeremyborough,Evergreen,7141.75,3687.95,2025-08-27 11:18:24,2025-09-15 11:18:24,2025-09-13 11:18:24,Medicines,4487.51,Delivered
SHP-76625238,Quinn-Dixon,Barkertown,Taylorland,COSCO,1693.13,867.31,2025-08-23 17:20:39,2025-08-31 17:20:39,2025-08-30 17:20:39,Chemicals,1264.65,Delivered
SHP-98136691,"Elliott, Sutton and Jackson Inc",Eatonstad,Taylorland,COSCO,6743.77,13215.02,2025-12-06 10:26:54,2025-12-21 10:26:54,2025-12-21 10:26:54,Foodstuff,18646.71,Delivered
SHP-51939609,Martin-Taylor,Williamshire,Lake Derekhaven,COSCO,4414.81,2612.9,2026-02-24 11:11:12,2026-03-09 11:11:12,2026-03-08 11:11:12,Textiles,3237.3,Delivered
SHP-66172085,Mcfarland LLC Inc,Ginatown,Deniseshire,ONE,5067.26,2452.78,2025-12-16 14:59:50,2025-12-29 14:59:50,2025-12-29 14:59:50,Textiles,3322.77,Delivered
SHP-53605689,"Young, Anderson and Thompson",Lake Susan,South Tiffanytown,Evergreen,3740.31,1527.84,2025-10-03 12:59:34,2025-10-13 12:59:34,2025-10-11 12:59:34,Electronics,1694.34,Delivered
SHP-32965409,"Smith, Bowers and Kim",Bartlettmouth,Meganhaven,COSCO,2920.52,1720.78,2025-08-04 12:59:21,2025-08-13 12:59:21,2025-08-12 12:59:21,Foodstuff,2240.48,Delivered
SHP-53188411,Leon-Gordon,Ginatown,West Kara,MSC,9415.23,4644.0,2025-10-19 02:09:18,2025-11-10 02:09:18,2025-11-09 02:09:18,Machinery,5276.87,Delivered
SHP-79050168,"Young, Anderson and Thompson",West Kara,Williamshire,COSCO,5617.36,9176.42,2026-01-22 13:09:43,2026-02-07 13:09:43,2026-02-06 13:09:43,Auto Parts,10248.71,Delivered
SHP-43335780,Miller-Downs,Barkertown,West Kara,Hapag-Lloyd,4414.71,2485.99,2025-09-08 05:48:19,2025-09-18 05:48:19,2025-09-17 05:48:19,Textiles,3670.46,Delivered
SHP-69797641,"Young, Anderson and Thompson",West Kara,North Johnfort,Maersk,4524.07,2054.55,2025-10-11 08:32:49,2025-10-23 08:32:49,2025-10-22 08:32:49,Auto Parts,2328.74,Delivered
SHP-92751132,"Jenkins, Caldwell and Hughes",Eatonstad,Bartlettmouth,COSCO,2879.57,1469.72,2026-01-18 22:40:56,2026-01-25 22:40:56,2026-01-30 22:40:56,Textiles,1896.29,Delivered
SHP-37495529,"Elliott, Sutton and Jackson",Eatonstad,Deniseshire,COSCO,7023.72,4043.71,2025-05-24 17:42:20,2025-06-11 17:42:20,2025-06-11 17:42:20,Foodstuff,5758.07,Delivered
SHP-3430022,Leon-Gordon,Gravesmouth,West Kara,Maersk,9606.15,4821.19,2025-06-23 05:55:58,2025-07-15 05:55:58,2025-07-16 05:55:58,Auto Parts,6717.65,Delivered
SHP-26734198,"Newman, Brennan and Valdez",West Stephanieborough,Lake Susan,Hapag-Lloyd,3562.81,1583.0,2026-01-12 15:15:18,2026-01-24 15:15:18,2026-01-24 15:15:18,Electronics,2112.48,Delivered
SHP-3731190,Quinn-Dixon,Bryanland,Barkertown,,8300.89,3406.64,2025-07-10 13:41:20,2025-07-29 13:41:20,2025-07-29 13:41:20,Chemicals,4219.36,Delivered
SHP-69653797,"Johnson, Richardson and Obrien",Brownview,Lake Susan,Maersk,1838.27,1053.79,2025-09-23 17:20:20,2025-09-29 17:20:20,2025-09-28 17:20:20,Auto Parts,1507.47,Delivered
SHP-51108785,"Oneal, Thompson and White",Lake Derekhaven,Barkertown,CMA CGM,4711.09,2060.84,2025-06-05 13:27:44,2025-06-18 13:27:44,2025-06-22 13:27:44,Electronics,2732.94,Delivered
SHP-72374576,Bolton and Sons,Barkertown,Bartlettmouth,COSCO,2166.67,4838.45,2025-04-08 10:41:48,2025-04-14 10:41:48,2025-04-27 10:41:48,Electronics,5569.46,Delivered
SHP-71920562,Weiss Inc,Lake Derekhaven,Bartlettmouth,Maersk,7769.34,4336.3,2025-05-25 00:32:51,2025-06-11 00:32:51,2025-06-11 00:32:51,Electronics,6241.06,Delivered
SHP-18652679,Velazquez Inc,Bartlettmouth,Eatonstad,COSCO,3556.4,1659.12,2025-08-07 00:00:08,2025-08-17 00:00:08,2025-08-30 00:00:08,Machinery,1931.02,Delivered
SHP-73096474,Bolton and Sons,Brownview,Williamshire,Evergreen,4690.23,8508.42,2025-03-31 08:47:23,2025-04-12 08:47:23,2025-04-23 08:47:23,Foodstuff,9957.3,Delivered
SHP-69245790,"Black, Smith and Wright",South Tiffanytown,Deniseshire,Maersk,2931.89,1574.93,2025-05-20 01:15:03,2025-05-30 01:15:03,2025-05-30 01:15:03,Foodstuff,1874.85,Delivered
SHP-61997532,Rogers-Hammond,Lake Derekhaven,South Jeremyborough,ONE,3755.64,1656.18,2025-09-26 15:36:06,2025-10-07 15:36:06,2025-10-07 15:36:06,Foodstuff,2286.45,Delivered
SHP-18537550,Martin-Taylor,Williamshire,Bryanland,ONE,950.91,476.93,2025-04-07 22:55:29,2025-04-12 22:55:29,2025-04-25 22:55:29,Medicines,689.64,Delivered
SHP-49730464,Hughes-Smith,Deniseshire,South Tiffanytown,Evergreen,9135.31,5051.89,2026-01-23 00:40:02,2026-02-14 00:40:02,2026-02-25 00:40:02,Chemicals,7146.98,Delivered
SHP-78659346,Chang Group,West Stephanieborough,West Kara,ONE,6394.07,2919.08,2025-09-06 13:26:21,2025-09-23 13:26:21,2025-09-22 13:26:21,Electronics,3321.86,Delivered
SHP-96676235,"Young, Whitehead and Smith",Ginatown,Lake Susan,MSC,8251.53,4728.01,2025-07-31 08:01:13,2025-08-20 08:01:13,2025-08-22 08:01:13,Medicines,6426.92,Delivered
SHP-4654577,"Young, Anderson and Thompson",Deniseshire,Ginatown,COSCO,8965.56,4134.2,2025-05-01 18:05:10,2025-05-20 18:05:10,2025-05-20 18:05:10,Textiles,4746.47,Delivered
SHP-52577784,Greene-Liu,West Kara,West Joshuabury,Evergreen,696.05,357.37,2025-08-23 13:22:36,2025-08-28 13:22:36,2025-08-28 13:22:36,Machinery,518.05,Delivered
SHP-81359196,Wyatt-Peterson,South Tiffanytown,Eatonstad,COSCO,2439.19,1118.83,2025-07-12 01:34:10,2025-07-20 01:34:10,2025-07-20 01:34:10,Machinery,1374.27,Delivered
SHP-75831910,Reese Ltd,Williamshire,Bartlettmouth,Evergreen,3995.41,1870.15,2025-04-09 14:05:24,2025-04-20 14:05:24,2025-04-19 14:05:24,Auto Parts,2710.81,Delivered
SHP-34438067,"Oneal, Thompson and White",Barkertown,South Jeremyborough,ONE,4000.83,1639.22,2026-02-19 03:05:17,2026-03-02 03:05:17,2026-02-28 03:05:17,Electronics,2254.3,Delivered
SHP-45175022,Weiss Inc,Brownview,Deniseshire,Evergreen,5653.02,2396.66,2026-03-09 14:08:00,2026-03-23 14:08:00,2026-03-23 14:08:00,Machinery,3370.97,Delivered
SHP-96490,Velazquez Inc,South Tiffanytown,Brownview,COSCO,8008.94,3493.7,2025-05-03 14:21:46,2025-05-21 14:21:46,2025-05-21 14:21:46,Auto Parts,4193.9,Delivered
SHP-38541250,"Young, Whitehead and Smith",Barkertown,Gravesmouth,MSC,8295.71,4506.21,2025-12-23 09:50:18,2026-01-10 09:50:18,2026-01-08 09:50:18,Machinery,6329.43,Delivered
SHP-16719622,Olson-Brown,Bartlettmouth,West Stephanieborough,ONE,1605.92,3035.39,2026-01-13 14:53:22,2026-01-21 14:53:22,2026-01-19 14:53:22,Machinery,3440.86,Delivered
SHP-69332740,Pope Inc,Bryanland,West Stephanieborough,Evergreen,7890.76,3745.64,2026-03-04 20:56:36,2026-03-23 20:56:36,2026-03-21 20:56:36,Textiles,4381.4,Delivered
SHP-84912975,Weiss Inc,Lake Derekhaven,Williamshire,Maersk,1407.52,590.74,2025-12-31 10:52:20,2026-01-07 10:52:20,2026-01-06 10:52:20,Chemicals,666.93,Delivered
SHP-39202917,Sutton Group,Deniseshire,Bryanland,Evergreen,7385.57,3065.76,2025-10-04 16:29:00,2025-10-21 16:29:00,2025-10-20 16:29:00,Textiles,3762.61,Delivered
SHP-74934424,"Campbell, Owen and Marquez",Williamshire,New Chase,COSCO,4922.35,2599.57,2026-02-28 09:26:55,2026-03-12 09:26:55,2026-03-10 09:26:55,Auto Parts,2922.7,Delivered
SHP-19458281,"Mendez, Mueller and Lee",Gravesmouth,Ginatown,Maersk,2596.75,1539.34,2025-10-23 06:50:14,2025-11-02 06:50:14,2025-11-01 06:50:14,Auto Parts,1722.02,Delivered
SHP-18187669,Sutton Group,Brownview,Bryanland,Evergreen,4126.03,2024.52,2025-09-16 21:08:37,2025-09-27 21:08:37,2025-09-26 21:08:37,Medicines,2850.1,Delivered
SHP-52930195,"Smith, Bowers and Kim",Bryanland,Ginatown,CMA CGM,8181.31,19687.21,2025-12-25 19:59:50,2026-01-12 19:59:50,2026-01-11 19:59:50,Foodstuff,24310.8,Delivered
SHP-48083624,"Black, Smith and Wright",North Johnfort,West Joshuabury,Hapag-Lloyd,3357.14,1630.19,2025-05-02 10:48:39,2025-05-12 10:48:39,2025-05-10 10:48:39,Textiles,2064.33,Delivered
SHP-6239718,Mayer-Green,Deniseshire,West Kara,Hapag-Lloyd,8617.85,4426.05,2025-05-17 21:23:54,2025-06-07 21:23:54,2025-06-17 21:23:54,Electronics,6329.95,Delivered
SHP-15224939,Mayer-Green,Meganhaven,Barkertown,Hapag-Lloyd,6531.34,2767.04,2025-10-29 05:52:02,2025-11-16 05:52:02,2025-11-16 05:52:02,Auto Parts,3513.15,Delivered
SHP-77210496,Miller-Williams,Brownview,Bartlettmouth,ONE,6753.11,3167.63,2025-06-01 20:30:21,2025-06-16 20:30:21,2025-06-14 20:30:21,Chemicals,4541.9,Delivered
SHP-9695140,Gomez-Frost,Lake Derekhaven,South Jeremyborough,Hapag-Lloyd,2307.15,1082.13,2025-04-12 19:57:04,2025-04-20 19:57:04,2025-04-18 19:57:04,Electronics,1234.92,Delivered
SHP-66361796,Hall-Mills,Eatonstad,Lake Derekhaven,COSCO,5379.55,2411.28,2025-03-18 05:48:20,2025-03-31 05:48:20,2025-04-09 05:48:20,Foodstuff,2977.69,Delivered
SHP-38011500,"Mendez, Mueller and Lee",West Joshuabury,Bryanland,ONE,4090.25,1742.37,2025-05-24 18:26:41,2025-06-05 18:26:41,2025-06-05 18:26:41,Auto Parts,1939.41,Delivered
SHP-36459078,Fields-Miller,West Kara,South Jeremyborough,Evergreen,9458.02,4743.52,2025-04-05 17:56:24,2025-04-25 17:56:24,2025-04-23 17:56:24,Chemicals,6836.85,Delivered
SHP-14599613,Watson-Welch Inc,West Kara,Ginatown,COSCO,6397.03,3313.39,2025-10-07 17:07:36,2025-10-23 17:07:36,2025-10-23 17:07:36,Medicines,4961.99,Delivered
SHP-72512143,Johnson-Jennings,West Stephanieborough,Bartlettmouth,COSCO,4570.3,2011.54,2025-05-03 16:48:35,2025-05-15 16:48:35,2025-05-14 16:48:35,Foodstuff,2337.96,Delivered
SHP-72022360,"Elliott, Sutton and Jackson",Barkertown,Bryanland,Evergreen,7307.06,4186.16,2025-04-16 14:34:34,2025-05-03 14:34:34,2025-05-02 14:34:34,Auto Parts,4933.15,Delivered
SHP-99228482,Pope Inc,New Chase,South Jeremyborough,Hapag-Lloyd,5278.67,3114.74,2026-02-25 15:11:37,2026-03-11 15:11:37,2026-03-10 15:11:37,Medicines,4372.93,Delivered
SHP-61345318,"Anderson, Miller and Johnson",South Jeremyborough,Barkertown,COSCO,7876.41,4135.79,2025-09-13 02:49:14,2025-10-01 02:49:14,2025-09-29 02:49:14,Foodstuff,5903.75,Delivered
SHP-52003148,Fields-Miller,West Joshuabury,Ginatown,Maersk,2308.99,1095.44,2025-05-06 13:40:11,2025-05-15 13:40:11,2025-05-18 13:40:11,Machinery,1470.52,Delivered
SHP-70786896,Cooper-Erickson,Lake Susan,West Stephanieborough,CMA CGM,3166.98,1589.26,2025-05-15 04:22:19,2025-05-23 04:22:19,2025-05-23 04:22:19,Auto Parts,2178.61,Delivered
SHP-24779548,Weiss Inc,South Tiffanytown,Lake Susan,Maersk,3591.19,1562.74,2026-03-09 22:27:10,2026-03-19 22:27:10,2026-03-18 22:27:10,Auto Parts,2335.42,Delivered
SHP-89004142,Leon-Gordon,Deniseshire,Lake Susan,COSCO,4912.13,2224.24,2025-04-08 21:13:24,2025-04-22 21:13:24,2025-04-22 21:13:24,Machinery,2449.15,Delivered
SHP-92627330,"Black, Smith and Wright",Deniseshire,Bryanland,MSC,8598.88,4165.16,2026-03-08 02:35:37,2026-03-27 02:35:37,2026-03-26 02:35:37,Foodstuff,4908.65,Delivered
SHP-73053154,Hall-Mills,Taylorland,Lake Derekhaven,MSC,2650.18,1585.27,2025-03-17 10:34:48,2025-03-27 10:34:48,2025-03-27 10:34:48,Auto Parts,2180.46,Delivered
SHP-10518431,Mayer-Green,Lake Susan,Deniseshire,Hapag-Lloyd,4628.89,8004.7,2025-11-06 14:53:28,2025-11-17 14:53:28,2025-11-17 14:53:28,Chemicals,8847.88,Delivered
SHP-90253601,Velazquez Inc,South Tiffanytown,West Kara,CMA CGM,6054.26,3535.16,2026-03-05 22:13:40,2026-03-22 22:13:40,2026-03-21 22:13:40,Auto Parts,4221.16,Delivered
SHP-63925294,Weiss Inc,South Jeremyborough,North Johnfort,,2532.16,1116.59,2026-01-04 03:32:02,2026-01-13 03:32:02,2026-01-11 03:32:02,Medicines,1330.59,Delivered
SHP-37287678,Wyatt-Peterson,West Kara,Gravesmouth,Maersk,6023.16,2769.02,2025-05-04 03:55:51,2025-05-19 03:55:51,2025-05-18 03:55:51,Machinery,3862.47,Delivered
SHP-16418420,Williams Inc,Taylorland,New Chase,Hapag-Lloyd,5006.94,2699.8,2026-01-17 22:18:03,2026-01-30 22:18:03,2026-01-30 22:18:03,Medicines,3984.47,Delivered
SHP-92351377,Martin-Taylor,West Stephanieborough,Bartlettmouth,MSC,2608.27,5557.18,2025-11-30 13:11:56,2025-12-10 13:11:56,2025-12-13 13:11:56,Foodstuff,8111.31,Delivered
SHP-79501485,Rogers-Hammond,Taylorland,Lake Susan,MSC,529.42,271.6,2025-06-04 19:25:16,2025-06-09 19:25:16,2025-06-09 19:25:16,Chemicals,347.03,Delivered
SHP-57750473,Reese Ltd,Bartlettmouth,West Stephanieborough,Maersk,5846.09,3180.04,2026-01-05 10:49:40,2026-01-19 10:49:40,2026-01-18 10:49:40,Foodstuff,4584.96,Delivered
SHP-16269240,"Elliott, Sutton and Jackson Inc",Deniseshire,South Jeremyborough,Maersk,7654.23,3575.18,2025-10-29 23:29:43,2025-11-18 23:29:43,2025-11-16 23:29:43,Foodstuff,5306.78,Delivered
SHP-44148230,Fields-Miller,Bryanland,Williamshire,Maersk,8794.77,5242.39,2025-05-31 04:30:05,2025-06-21 04:30:05,2025-06-20 04:30:05,Chemicals,7646.55,Delivered
SHP-30237488,Rogers-Hammond,Brownview,Deniseshire,COSCO,5270.38,3014.6,2025-08-29 09:24:35,2025-09-10 09:24:35,2025-09-21 09:24:35,Machinery,4433.2,Delivered
SHP-88189268,Miller-Downs,South Tiffanytown,Williamshire,MSC,2345.63,1167.66,2025-11-08 08:02:11,2025-11-14 08:02:11,2025-11-12 08:02:11,Medicines,1520.95,Delivered
SHP-6620840,"Oneal, Thompson and White",West Kara,Eatonstad,COSCO,7565.36,4438.06,2026-03-07 07:18:46,2026-03-25 07:18:46,2026-03-24 07:18:46,Chemicals,5526.7,Delivered
SHP-35930244,Vaughn Inc,Gravesmouth,West Kara,COSCO,2152.0,1204.18,2025-08-26 14:41:03,2025-09-04 14:41:03,2025-09-03 14:41:03,Machinery,1355.09,Delivered
SHP-46635499,"Anderson, Miller and Johnson",West Joshuabury,South Tiffanytown,ONE,1096.33,575.66,2025-11-02 17:49:09,2025-11-07 17:49:09,2025-11-07 17:49:09,Machinery,779.66,Delivered
SHP-83841028,Cooper-Erickson,Bryanland,Williamshire,ONE,4483.59,2650.51,2025-07-02 20:55:33,2025-07-15 20:55:33,2025-07-13 20:55:33,Medicines,2978.81,Delivered
SHP-41132515,"Campbell, Owen and Marquez",Lake Susan,Meganhaven,CMA CGM,1888.58,868.67,2025-11-04 23:01:06,2025-11-12 23:01:06,2025-11-10 23:01:06,Machinery,1285.62,Delivered
SHP-81454659,Watson-Welch,West Stephanieborough,Taylorland,Hapag-Lloyd,4052.6,2001.97,2025-08-02 18:32:29,2025-08-12 18:32:29,2025-08-10 18:32:29,Chemicals,2874.37,Delivered
SHP-64832108,"Mendez, Mueller and Lee",Brownview,West Kara,Maersk,1186.14,540.87,2025-04-18 11:06:27,2025-04-22 11:06:27,2025-04-25 11:06:27,Auto Parts,686.17,Delivered
SHP-21447965,Gomez-Frost,South Jeremyborough,Brownview,MSC,3255.74,1777.32,2025-04-03 05:08:16,2025-04-12 05:08:16,2025-04-12 05:08:16,Foodstuff,2256.63,Delivered
SHP-18930810,Olson-Brown,Lake Derekhaven,New Chase,MSC,5332.81,3171.69,2025-06-26 11:21:43,2025-07-08 11:21:43,2025-07-06 11:21:43,Electronics,3956.96,Delivered
SHP-42576989,Williams Inc,Ginatown,West Kara,ONE,2610.59,1176.23,2025-04-24 07:02:38,2025-05-03 07:02:38,2025-05-03 07:02:38,Textiles,1473.11,Delivered
SHP-33640892,Chang Group Inc,Ginatown,Meganhaven,COSCO,3711.98,1723.64,2026-02-09 10:21:29,2026-02-18 10:21:29,2026-02-18 10:21:29,Chemicals,2556.53,Delivered
SHP-79267648,Chang Group,Gravesmouth,West Kara,MSC,9786.99,5372.62,2025-08-25 01:58:26,2025-09-16 01:58:26,2025-09-15 01:58:26,Electronics,7818.48,Delivered
SHP-81037939,"Newman, Brennan and Valdez",Barkertown,Taylorland,COSCO,4473.33,2520.48,2025-09-01 03:05:41,2025-09-11 03:05:41,2025-09-10 03:05:41,Medicines,3571.21,Delivered
SHP-68034054,Rogers-Hammond,Eatonstad,South Jeremyborough,Evergreen,8144.33,4269.07,2025-05-16 00:05:27,2025-06-05 00:05:27,2025-06-03 00:05:27,Medicines,5048.31,Delivered
SHP-73272305,Quinn-Dixon,West Kara,Bartlettmouth,Maersk,825.09,483.67,2025-04-14 21:36:38,2025-04-20 21:36:38,2025-04-20 21:36:38,Auto Parts,662.59,Delivered
SHP-63318427,Reese Ltd,Lake Susan,Brownview,MSC,2098.58,941.9,2025-06-26 08:10:44,2025-07-04 08:10:44,2025-07-03 08:10:44,Chemicals,1157.79,Delivered
SHP-13268663,Vaughn Inc,West Kara,Deniseshire,COSCO,4931.39,2389.23,2026-02-12 11:07:09,2026-02-24 11:07:09,2026-02-22 11:07:09,Electronics,3313.31,Delivered
SHP-79461681,Smith PLC,Taylorland,Barkertown,ONE,3454.0,1797.74,2025-10-05 07:01:51,2025-10-16 07:01:51,2025-10-27 07:01:51,Auto Parts,2617.19,Delivered
SHP-94997486,Vaughn Inc,West Stephanieborough,South Jeremyborough,ONE,2944.67,1289.68,2025-12-01 05:08:55,2025-12-11 05:08:55,2025-12-10 05:08:55,Electronics,1580.87,Delivered
SHP-82296572,"Young, Anderson and Thompson",Taylorland,New Chase,COSCO,7504.55,3092.38,2026-01-16 20:21:35,2026-02-04 20:21:35,2026-02-04 20:21:35,Chemicals,3576.8,Delivered
SHP-74408698,Hall-Mills,West Joshuabury,Ginatown,Evergreen,9261.69,4974.97,2025-09-02 14:58:18,2025-09-23 14:58:18,2025-09-24 14:58:18,Machinery,5686.59,Delivered
SHP-71347087,Quinn-Dixon,Ginatown,Lake Susan,Evergreen,1658.4,994.53,2025-11-01 17:17:36,2025-11-09 17:17:36,2025-11-08 17:17:36,Foodstuff,1176.17,Delivered
SHP-21197466,"Campbell, Owen and Marquez",West Kara,North Johnfort,MSC,930.87,448.44,2025-11-11 11:40:55,2025-11-17 11:40:55,2025-11-16 11:40:55,Machinery,558.72,Delivered
SHP-62454084,"Jenkins, Caldwell and Hughes",Meganhaven,West Stephanieborough,Evergreen,1537.01,736.64,2025-08-28 07:33:12,2025-09-02 07:33:12,2025-09-01 07:33:12,Machinery,846.95,Delivered
SHP-89905741,Bolton and Sons,Taylorland,Lake Derekhaven,CMA CGM,1066.98,502.67,2025-10-09 15:49:22,2025-10-13 15:49:22,2025-10-19 15:49:22,Electronics,560.09,Delivered
SHP-15398976,Morales-Williams,Ginatown,New Chase,MSC,8041.43,4353.15,2025-07-15 01:13:59,2025-08-03 01:13:59,2025-08-01 01:13:59,Chemicals,5745.68,Delivered
SHP-72253248,"Murphy, Johnson and Turner",Lake Susan,Bryanland,Evergreen,7599.61,3193.94,2025-09-25 11:33:56,2025-10-13 11:33:56,2025-10-13 11:33:56,Chemicals,3801.65,Delivered
SHP-27904822,Williams Inc,Eatonstad,Deniseshire,Evergreen,4468.3,2082.43,2026-02-18 13:10:55,2026-03-02 13:10:55,2026-03-02 13:10:55,Electronics,3022.54,Delivered
SHP-12627259,Sutton Group,Lake Derekhaven,Williamshire,ONE,2253.97,1102.97,2025-07-12 20:04:54,2025-07-20 20:04:54,2025-07-18 20:04:54,Foodstuff,1454.85,Delivered
SHP-14134928,"Black, Smith and Wright",Bryanland,Taylorland,Maersk,8203.58,3943.77,2025-09-13 00:02:21,2025-10-03 00:02:21,2025-10-03 00:02:21,Machinery,4593.32,Delivered
SHP-96264236,Cooper-Erickson,Brownview,North Johnfort,ONE,9966.63,5566.93,2026-03-05 06:20:21,2026-03-28 06:20:21,2026-04-05 06:20:21,Electronics,7663.19,Delivered
SHP-46686979,"Young, Whitehead and Smith",West Stephanieborough,South Tiffanytown,ONE,1051.36,505.21,2025-09-23 10:34:18,2025-09-28 10:34:18,2025-09-28 10:34:18,Machinery,743.76,Delivered
SHP-65656936,"Young, Anderson and Thompson",Taylorland,Ginatown,Evergreen,4456.67,2133.47,2025-03-24 08:36:39,2025-04-06 08:36:39,2025-04-06 08:36:39,Medicines,2752.19,Delivered
SHP-54040595,"Young, Anderson and Thompson",Lake Susan,Gravesmouth,,2896.03,1262.9,2025-07-03 09:09:08,2025-07-10 09:09:08,2025-07-08 09:09:08,Machinery,1536.4,Delivered
SHP-16409365,Sutton Group,North Johnfort,Meganhaven,COSCO,3773.5,1766.48,2025-04-27 22:45:01,2025-05-08 22:45:01,2025-05-07 22:45:01,Textiles,2385.35,Delivered
SHP-72599049,Pope Inc,Taylorland,Deniseshire,COSCO,3556.63,2100.86,2025-03-20 21:30:32,2025-03-29 21:30:32,2025-03-29 21:30:32,Medicines,2369.95,Delivered
SHP-7231094,Mcbride-Gilmore,Gravesmouth,North Johnfort,Evergreen,4453.69,1961.37,2026-01-29 21:42:50,2026-02-08 21:42:50,2026-02-06 21:42:50,Chemicals,2827.88,Delivered
SHP-86782396,"Elliott, Sutton and Jackson",Ginatown,Williamshire,COSCO,6729.46,3640.22,2026-02-08 00:41:48,2026-02-25 00:41:48,2026-02-25 00:41:48,Electronics,4902.16,Delivered
SHP-3078918,"Mendez, Mueller and Lee",North Johnfort,Gravesmouth,CMA CGM,2413.29,1045.68,2025-08-31 01:01:03,2025-09-06 01:01:03,2025-09-16 01:01:03,Textiles,1329.27,Delivered
SHP-5428616,Watson-Welch,Deniseshire,West Kara,Evergreen,536.04,231.65,2025-10-03 11:30:06,2025-10-06 11:30:06,2025-10-05 11:30:06,Textiles,347.26,Delivered
SHP-95385637,Miller-Williams,Lake Derekhaven,West Joshuabury,Hapag-Lloyd,8878.94,3882.18,2025-09-05 18:45:26,2025-09-26 18:45:26,2025-09-28 18:45:26,Foodstuff,4325.26,Delivered
SHP-17903208,Wyatt-Peterson,Brownview,Bartlettmouth,ONE,5517.73,2406.74,2025-11-17 08:11:58,2025-12-01 08:11:58,2025-11-29 08:11:58,Auto Parts,3189.47,Delivered
SHP-66021265,Kim Ltd,Taylorland,Meganhaven,,8035.6,4590.51,2026-03-10 12:34:56,2026-03-28 12:34:56,2026-03-28 12:34:56,Medicines,6252.42,Delivered
SHP-68631093,Morales-Williams,New Chase,Meganhaven,MSC,8856.89,3789.81,2026-03-08 19:40:29,2026-03-27 19:40:29,2026-03-26 19:40:29,Chemicals,4263.6,Delivered
SHP-11909363,"Jenkins, Caldwell and Hughes",Deniseshire,West Kara,CMA CGM,7841.49,4224.6,2025-10-19 02:40:31,2025-11-05 02:40:31,2025-11-05 02:40:31,Textiles,4675.09,Delivered
SHP-26892403,"Campbell, Owen and Marquez",New Chase,Gravesmouth,ONE,9037.87,4651.69,2025-08-27 12:14:27,2025-09-19 12:14:27,2025-09-18 12:14:27,Chemicals,5638.45,Delivered
SHP-37460775,"Campbell, Owen and Marquez",Eatonstad,Bryanland,ONE,2207.34,1108.34,2025-06-25 02:36:56,2025-07-02 02:36:56,2025-07-01 02:36:56,Machinery,1405.68,Delivered
SHP-80840995,Weiss Inc,Ginatown,Brownview,ONE,3322.65,1789.63,2026-01-24 00:06:46,2026-02-03 00:06:46,2026-02-02 00:06:46,Medicines,2103.5,Delivered
SHP-50950781,"Young, Anderson and Thompson",Williamshire,Bartlettmouth,Maersk,7778.41,3111.8,2025-09-15 21:58:10,2025-10-05 21:58:10,2025-10-04 21:58:10,Chemicals,4252.89,Delivered
SHP-13622129,Chang Group,Barkertown,New Chase,CMA CGM,5217.19,2418.53,2025-05-29 23:13:38,2025-06-13 23:13:38,2025-06-11 23:13:38,Electronics,3023.8,Delivered
SHP-21215720,"Campbell, Owen and Marquez",West Kara,Bryanland,Evergreen,2432.69,1284.51,2026-02-25 23:56:22,2026-03-06 23:56:22,2026-03-04 23:56:22,Medicines,1900.58,Delivered
SHP-24774062,"Smith, Bowers and Kim",South Jeremyborough,Ginatown,CMA CGM,566.57,910.73,2026-01-04 01:06:04,2026-01-10 01:06:04,2026-01-09 01:06:04,Textiles,1339.69,Delivered
SHP-34563713,Wyatt-Peterson,West Stephanieborough,West Joshuabury,MSC,2987.62,1680.73,2025-11-15 00:40:49,2025-11-22 00:40:49,2025-11-21 00:40:49,Medicines,2073.12,Delivered
SHP-43857998,Johnson-Jennings,Lake Derekhaven,North Johnfort,Evergreen,5059.01,2923.75,2025-08-17 06:42:22,2025-09-01 06:42:22,2025-08-30 06:42:22,Chemicals,3406.88,Delivered
SHP-39012897,Greene-Liu,Meganhaven,North Johnfort,MSC,7467.15,3449.23,2025-03-25 23:07:36,2025-04-10 23:07:36,2025-04-11 23:07:36,Chemicals,4175.9,Delivered
SHP-97028685,Kim Ltd,Eatonstad,Lake Derekhaven,MSC,5499.77,2820.25,2025-04-30 05:12:20,2025-05-14 05:12:20,2025-05-12 05:12:20,Machinery,3866.0,Delivered
SHP-14144134,"Anderson, Miller and Johnson",West Joshuabury,Williamshire,Hapag-Lloyd,2870.29,1538.86,2026-03-11 05:14:12,2026-03-20 05:14:12,2026-03-20 05:14:12,Machinery,1882.52,Delivered
SHP-52739228,Olson-Brown,West Joshuabury,Barkertown,Hapag-Lloyd,8637.19,5142.27,2025-12-29 23:36:18,2026-01-17 23:36:18,2026-01-15 23:36:18,Textiles,5690.78,Delivered
SHP-54506173,"Murphy, Johnson and Turner",West Joshuabury,South Jeremyborough,COSCO,7951.36,4574.03,2025-07-06 18:55:15,2025-07-24 18:55:15,2025-07-23 18:55:15,Chemicals,5402.66,Delivered
SHP-45211310,Williams Inc,Brownview,South Tiffanytown,Hapag-Lloyd,2777.99,5780.73,2026-02-01 02:04:23,2026-02-10 02:04:23,2026-02-13 02:04:23,Auto Parts,6778.21,Delivered
SHP-57502078,"Newman, Brennan and Valdez",Lake Susan,West Stephanieborough,COSCO,1471.24,743.73,2025-11-02 02:55:20,2025-11-07 02:55:20,2025-11-11 02:55:20,Medicines,1085.35,Delivered
SHP-22196815,Mayer-Green,West Stephanieborough,Eatonstad,Maersk,9636.94,5677.48,2026-01-01 09:28:45,2026-01-24 09:28:45,2026-01-22 09:28:45,Electronics,6928.96,Delivered
SHP-74548988,Hall-Mills,Eatonstad,Meganhaven,CMA CGM,4843.05,2157.97,2025-11-19 16:08:02,2025-11-30 16:08:02,2025-11-29 16:08:02,Foodstuff,2715.25,Delivered
SHP-27031566,Mcbride-Gilmore,Meganhaven,North Johnfort,Evergreen,7989.31,3659.64,2025-04-06 01:29:10,2025-04-24 01:29:10,2025-04-24 01:29:10,Electronics,5144.15,Delivered
SHP-71161320,Mcfarland LLC,Lake Susan,Ginatown,COSCO,6336.41,2997.59,2025-05-18 01:18:51,2025-06-03 01:18:51,2025-06-01 01:18:51,Medicines,3834.23,Delivered
SHP-51654002,"Anderson, Miller and Johnson",Williamshire,West Joshuabury,Maersk,1369.79,644.53,2025-11-03 21:48:32,2025-11-07 21:48:32,2025-11-06 21:48:32,Foodstuff,727.21,Delivered
SHP-30634202,Kim Ltd,Barkertown,Ginatown,Maersk,8542.04,4176.15,2025-03-16 04:46:48,2025-04-05 04:46:48,2025-04-03 04:46:48,Medicines,4875.98,Delivered
SHP-59084628,Fields-Miller,Barkertown,Lake Susan,CMA CGM,1395.16,705.17,2026-03-09 16:55:35,2026-03-16 16:55:35,2026-03-30 16:55:35,Electronics,1030.75,Delivered
SHP-61135711,"Hines, Parker and Potts",Lake Susan,Taylorland,ONE,918.38,471.83,2025-12-31 02:13:55,2026-01-05 02:13:55,2026-01-03 02:13:55,Machinery,551.52,Delivered
SHP-46459764,Castro-Larson,Barkertown,Williamshire,ONE,2561.09,1213.31,2025-04-28 16:40:51,2025-05-05 16:40:51,2025-05-14 16:40:51,Medicines,1632.72,Delivered
SHP-28361053,"Newman, Brennan and Valdez",Lake Derekhaven,Ginatown,Evergreen,1928.7,1110.85,2025-07-07 00:26:43,2025-07-13 00:26:43,2025-07-11 00:26:43,Textiles,1374.11,Delivered
SHP-55792528,Miller-Downs,Eatonstad,Barkertown,CMA CGM,1391.18,746.56,2025-11-13 18:16:15,2025-11-20 18:16:15,2025-11-18 18:16:15,Auto Parts,906.61,Delivered
SHP-25564005,Morales-Williams,Deniseshire,New Chase,MSC,8894.63,4546.89,2025-08-30 00:34:16,2025-09-20 00:34:16,2025-09-19 00:34:16,Medicines,6219.29,Delivered
SHP-27632646,Bailey LLC,Gravesmouth,Bartlettmouth,CMA CGM,7135.46,4159.92,2025-07-07 03:48:45,2025-07-26 03:48:45,2025-07-27 03:48:45,Machinery,5592.59,Delivered
SHP-62662007,"Mendez, Mueller and Lee",New Chase,South Jeremyborough,ONE,3669.73,2088.16,2026-03-05 11:11:37,2026-03-16 11:11:37,2026-03-16 11:11:37,Chemicals,2469.99,Delivered
SHP-21071773,"Elliott, Sutton and Jackson Inc",Deniseshire,Bartlettmouth,CMA CGM,4949.54,2832.03,2026-03-06 00:19:53,2026-03-19 00:19:53,2026-03-18 00:19:53,Machinery,3856.57,Delivered
SHP-68441812,Adams-Dyer,South Jeremyborough,Gravesmouth,Hapag-Lloyd,2809.51,1455.68,2025-05-26 08:59:48,2025-06-05 08:59:48,2025-06-04 08:59:48,Chemicals,1752.7,Delivered
SHP-61052397,Vaughn Inc,Meganhaven,Bartlettmouth,CMA CGM,4467.85,2588.71,2025-11-14 02:10:52,2025-11-27 02:10:52,2025-12-11 02:10:52,Auto Parts,3868.14,Delivered
SHP-1311655,"Anderson, Miller and Johnson",Bartlettmouth,Lake Susan,Maersk,7693.11,4002.95,2025-12-18 21:48:04,2026-01-07 21:48:04,2026-01-05 21:48:04,Chemicals,4421.86,Delivered
SHP-32551989,Kim Ltd,Williamshire,New Chase,ONE,2965.05,1671.78,2025-11-01 20:48:21,2025-11-10 20:48:21,2025-11-13 20:48:21,Textiles,2296.43,Delivered
SHP-30296131,"Hines, Parker and Potts",Bartlettmouth,South Tiffanytown,ONE,4496.04,2351.85,2025-05-19 15:57:54,2025-06-01 15:57:54,2025-06-03 15:57:54,Foodstuff,2839.61,Delivered
SHP-85663112,"Murphy, Johnson and Turner",Ginatown,Taylorland,Evergreen,3351.19,1404.79,2025-08-20 03:31:12,2025-08-29 03:31:12,2025-08-29 03:31:12,Medicines,1590.69,Delivered
SHP-82898590,Morales-Williams,Meganhaven,Lake Susan,Hapag-Lloyd,3751.64,2002.61,2025-04-25 09:22:45,2025-05-06 09:22:45,2025-05-05 09:22:45,Foodstuff,2286.7,Delivered
SHP-88649459,Miller-Downs,Lake Derekhaven,Deniseshire,COSCO,8162.67,4348.43,2025-09-24 22:18:19,2025-10-14 22:18:19,2025-10-12 22:18:19,Medicines,6295.84,Delivered
SHP-94236858,Mcfarland LLC,Brownview,New Chase,MSC,2067.71,1165.97,2025-03-16 12:59:55,2025-03-22 12:59:55,2025-03-20 12:59:55,Textiles,1532.2,Delivered
SHP-92767243,Cooper-Erickson,South Tiffanytown,Deniseshire,MSC,963.95,387.98,2025-05-15 16:20:29,2025-05-19 16:20:29,2025-05-19 16:20:29,Textiles,476.16,Delivered
SHP-29232712,"Johnson, Richardson and Obrien",Eatonstad,Meganhaven,,6496.35,3365.23,2025-09-02 19:13:31,2025-09-17 19:13:31,2025-09-20 19:13:31,Textiles,4469.57,Delivered
SHP-22390198,Bailey LLC,Brownview,West Kara,Maersk,3143.16,1398.38,2026-01-23 07:21:33,2026-02-03 07:21:33,2026-02-05 07:21:33,Chemicals,1872.25,Delivered
SHP-37244667,"Anderson, Miller and Johnson",Lake Derekhaven,South Tiffanytown,Maersk,6621.87,3377.73,2025-12-29 04:47:01,2026-01-13 04:47:01,2026-01-24 04:47:01,Electronics,3990.74,Delivered
SHP-71228769,Cooper-Erickson,Gravesmouth,Lake Susan,COSCO,3029.13,1712.71,2025-08-22 02:57:47,2025-08-31 02:57:47,2025-08-31 02:57:47,Electronics,2296.92,Delivered
SHP-22164042,Wyatt-Peterson,Bartlettmouth,South Jeremyborough,Evergreen,1294.85,550.84,2026-01-18 11:32:06,2026-01-22 11:32:06,2026-01-22 11:32:06,Auto Parts,717.65,Delivered
SHP-81731625,"Jenkins, Caldwell and Hughes",North Johnfort,Lake Susan,CMA CGM,6333.45,3161.23,2026-01-29 11:09:01,2026-02-12 11:09:01,2026-02-10 11:09:01,Foodstuff,3850.52,Delivered
SHP-66854182,Fields-Miller,Meganhaven,West Kara,CMA CGM,2869.22,5202.75,2025-05-18 00:56:47,2025-05-25 00:56:47,2025-05-23 00:56:47,Chemicals,5816.17,Delivered
SHP-97022104,"Mendez, Mueller and Lee",South Tiffanytown,Gravesmouth,ONE,2741.56,1577.61,2026-01-26 02:36:41,2026-02-04 02:36:41,2026-02-04 02:36:41,Foodstuff,2067.08,Delivered
SHP-19454056,Smith PLC,Deniseshire,Bartlettmouth,Hapag-Lloyd,8529.78,12947.8,2025-09-27 14:23:10,2025-10-19 14:23:10,2025-10-18 14:23:10,Foodstuff,18757.9,Delivered
SHP-85493100,Mcbride-Gilmore,Bartlettmouth,North Johnfort,Evergreen,861.62,497.73,2025-04-23 17:22:32,2025-04-27 17:22:32,2025-04-27 17:22:32,Medicines,682.25,Delivered
SHP-65037462,"Young, Whitehead and Smith Inc",Deniseshire,Williamshire,Hapag-Lloyd,7463.55,3777.32,2025-09-11 19:28:08,2025-09-27 19:28:08,2025-09-25 19:28:08,Auto Parts,4431.16,Delivered
SHP-3534460,Rogers-Hammond,Lake Derekhaven,Eatonstad,Maersk,571.88,329.1,2025-11-17 21:49:26,2025-11-22 21:49:26,2025-11-20 21:49:26,Foodstuff,419.27,Delivered
SHP-22190983,Martin-Taylor,Gravesmouth,Bryanland,ONE,2362.79,966.59,2025-03-28 09:32:26,2025-04-05 09:32:26,2025-04-04 09:32:26,Machinery,1294.35,Delivered
SHP-24042936,Reese Ltd,Bryanland,West Stephanieborough,Hapag-Lloyd,8402.58,3731.43,2025-10-01 00:49:54,2025-10-22 00:49:54,2025-10-20 00:49:54,Machinery,4961.59,Delivered
SHP-79907843,Mcfarland LLC,North Johnfort,West Joshuabury,Hapag-Lloyd,8870.45,15655.39,2026-02-28 16:09:12,2026-03-22 16:09:12,2026-03-20 16:09:12,Textiles,22724.33,Delivered
SHP-9739316,"Newman, Brennan and Valdez",Barkertown,New Chase,MSC,4201.26,2354.36,2025-08-17 04:48:51,2025-08-28 04:48:51,2025-08-28 04:48:51,Machinery,3147.28,Delivered
SHP-34727946,Castro-Larson,Ginatown,South Tiffanytown,Hapag-Lloyd,9823.36,4129.19,2025-09-30 12:02:00,2025-10-21 12:02:00,2025-10-20 12:02:00,Auto Parts,5427.98,Delivered
SHP-65038848,Olson-Brown Inc,New Chase,North Johnfort,COSCO,3393.6,1557.25,2025-11-23 14:40:56,2025-12-01 14:40:56,2025-12-04 14:40:56,Machinery,2054.27,Delivered
SHP-54762703,Wyatt-Peterson,Bryanland,Lake Susan,ONE,3592.54,1879.91,2025-04-30 02:36:14,2025-05-11 02:36:14,2025-05-11 02:36:14,Auto Parts,2523.04,Delivered
SHP-28080239,"Johnson, Richardson and Obrien",Meganhaven,Ginatown,Hapag-Lloyd,2729.62,1094.83,2025-06-27 11:03:09,2025-07-04 11:03:09,2025-07-04 11:03:09,Foodstuff,1359.8,Delivered
SHP-74048471,Wyatt-Peterson,Barkertown,Bryanland,Maersk,5214.22,12325.44,2025-05-06 20:58:24,2025-05-20 20:58:24,2025-05-19 20:58:24,Textiles,15589.01,Delivered
SHP-49767971,"Young, Whitehead and Smith",North Johnfort,Brownview,MSC,2995.14,1504.17,2025-07-30 22:49:06,2025-08-06 22:49:06,2025-08-06 22:49:06,Textiles,2125.45,Delivered
SHP-49767605,Hall-Mills,South Jeremyborough,Barkertown,Evergreen,1303.12,740.22,2025-12-13 21:50:27,2025-12-18 21:50:27,2025-12-18 21:50:27,Machinery,1052.71,Delivered
SHP-90773989,"Elliott, Sutton and Jackson",Ginatown,Williamshire,COSCO,777.7,462.82,2025-11-04 18:10:48,2025-11-09 18:10:48,2025-11-09 18:10:48,Auto Parts,574.24,Delivered
SHP-15294586,Chang Group,Williamshire,Deniseshire,Hapag-Lloyd,4651.28,2027.66,2025-06-01 23:38:23,2025-06-13 23:38:23,2025-06-11 23:38:23,Chemicals,2536.32,Delivered
SHP-29606170,Clark-Lang,West Kara,Bryanland,CMA CGM,3455.68,1663.94,2025-08-02 01:31:20,2025-08-12 01:31:20,2025-08-12 01:31:20,Electronics,1868.87,Delivered
SHP-11373118,Morales-Williams,Taylorland,New Chase,CMA CGM,1708.8,807.4,2025-03-27 22:58:44,2025-04-03 22:58:44,2025-04-01 22:58:44,Medicines,988.28,Delivered
SHP-23226378,"Smith, Bowers and Kim",Bartlettmouth,New Chase,MSC,8156.74,17658.35,2025-06-06 06:24:53,2025-06-26 06:24:53,2025-06-26 06:24:53,Electronics,20260.11,Delivered
SHP-11222379,Sutton Group,Lake Derekhaven,West Joshuabury,Maersk,2742.03,1521.27,2025-10-29 22:37:56,2025-11-08 22:37:56,2025-11-17 22:37:56,Auto Parts,2071.56,Delivered
SHP-83834642,Gomez-Frost Inc,Bryanland,Lake Susan,MSC,6831.29,2864.27,2025-11-25 22:45:15,2025-12-13 22:45:15,2025-12-13 22:45:15,Chemicals,3189.74,Delivered
SHP-8354493,Castro-Larson,Meganhaven,Ginatown,Maersk,7366.52,3090.99,2025-03-15 18:00:02,2025-04-02 18:00:02,2025-04-02 18:00:02,Chemicals,3966.14,Delivered
SHP-79022706,Bolton and Sons Inc,South Tiffanytown,Meganhaven,COSCO,2079.13,913.5,2025-03-16 05:14:47,2025-03-22 05:14:47,2025-03-20 05:14:47,Electronics,1202.66,Delivered
SHP-35925121,Morales-Williams,New Chase,North Johnfort,ONE,4885.15,2872.4,2025-06-13 02:41:37,2025-06-27 02:41:37,2025-06-25 02:41:37,Chemicals,3303.63,Delivered
SHP-8678179,Mcbride-Gilmore,Meganhaven,Ginatown,Maersk,6601.36,3351.11,2025-08-28 08:32:34,2025-09-15 08:32:34,2025-09-14 08:32:34,Machinery,4206.18,Delivered
SHP-86001300,Hernandez-Edwards,Eatonstad,Gravesmouth,MSC,6868.91,4057.63,2025-12-14 18:36:33,2026-01-01 18:36:33,2025-12-30 18:36:33,Foodstuff,4785.14,Delivered
SHP-59898545,Gomez-Frost,Gravesmouth,New Chase,ONE,3043.99,1660.88,2025-04-25 08:34:58,2025-05-03 08:34:58,2025-05-02 08:34:58,Textiles,2307.95,Delivered
SHP-21281769,Hughes-Smith,South Jeremyborough,South Tiffanytown,MSC,2215.91,898.74,2025-12-24 06:06:33,2026-01-02 06:06:33,2025-12-31 06:06:33,Electronics,1222.95,Delivered
SHP-24032642,"Johnson, Richardson and Obrien",South Tiffanytown,Williamshire,CMA CGM,3288.56,8051.11,2025-07-16 15:05:56,2025-07-25 15:05:56,2025-07-25 15:05:56,Textiles,11000.77,Delivered
SHP-60939721,"Anderson, Miller and Johnson",Lake Susan,Bryanland,CMA CGM,1797.61,741.86,2025-05-01 00:12:15,2025-05-07 00:12:15,2025-05-19 00:12:15,Auto Parts,891.74,Delivered
SHP-22599684,Hernandez-Edwards,Williamshire,Bartlettmouth,CMA CGM,4877.09,2162.94,2025-08-15 20:20:51,2025-08-27 20:20:51,2025-08-27 20:20:51,Textiles,2880.14,Delivered
SHP-40935462,"Elliott, Sutton and Jackson",West Stephanieborough,Brownview,CMA CGM,5546.36,2738.84,2026-03-03 22:56:27,2026-03-16 22:56:27,2026-03-15 22:56:27,Textiles,3202.06,Delivered
SHP-80281686,"Mendez, Mueller and Lee",West Stephanieborough,West Joshuabury,ONE,7471.4,4059.09,2025-06-29 17:30:08,2025-07-18 17:30:08,2025-07-16 17:30:08,Electronics,4830.84,Delivered
SHP-79312443,Wyatt-Peterson,Deniseshire,South Jeremyborough,ONE,5819.14,3193.59,2026-03-04 00:10:45,2026-03-18 00:10:45,2026-03-31 00:10:45,Chemicals,3778.45,Delivered
SHP-66895131,"Young, Anderson and Thompson",Lake Derekhaven,Ginatown,Hapag-Lloyd,7071.05,2936.47,2025-10-02 20:39:24,2025-10-21 20:39:24,2025-10-20 20:39:24,Machinery,4330.02,Delivered
SHP-28395059,Vaughn Inc,South Tiffanytown,Bartlettmouth,COSCO,4876.5,2339.48,2025-05-16 23:10:43,2025-05-27 23:10:43,2025-06-04 23:10:43,Chemicals,3275.05,Delivered
SHP-44845803,"Newman, Brennan and Valdez",North Johnfort,Taylorland,COSCO,9879.59,22222.71,2025-07-11 11:54:27,2025-08-04 11:54:27,2025-08-05 11:54:27,Foodstuff,32303.46,Delivered
SHP-92661540,Greene-Liu,Meganhaven,Barkertown,Evergreen,4473.58,2004.29,2025-08-07 18:19:11,2025-08-20 18:19:11,2025-08-19 18:19:11,Electronics,2883.27,Delivered
SHP-79654595,Johnson-Jennings,South Tiffanytown,Gravesmouth,ONE,7345.41,3368.19,2025-11-27 07:48:56,2025-12-15 07:48:56,2025-12-15 07:48:56,Auto Parts,3759.73,Delivered
SHP-38547757,Chang Group,Brownview,Williamshire,Evergreen,9942.0,4584.38,2025-09-15 14:49:15,2025-10-09 14:49:15,2025-10-09 14:49:15,Chemicals,5448.69,Delivered
SHP-62096138,Sutton Group,New Chase,Meganhaven,ONE,6789.94,13273.34,2025-12-10 02:04:54,2025-12-28 02:04:54,2026-01-11 02:04:54,Auto Parts,19087.59,Delivered
SHP-63110951,Wyatt-Peterson,West Stephanieborough,New Chase,Evergreen,9808.05,4457.94,2025-04-02 08:27:51,2025-04-26 08:27:51,2025-04-25 08:27:51,Machinery,5691.69,Delivered
SHP-79204617,Chang Group,Meganhaven,Lake Susan,COSCO,6915.94,2911.4,2025-10-23 01:13:01,2025-11-09 01:13:01,2025-11-07 01:13:01,Chemicals,3379.22,Delivered
SHP-52759384,"Young, Whitehead and Smith Inc",South Tiffanytown,North Johnfort,MSC,1019.48,455.78,2025-03-31 22:37:27,2025-04-07 22:37:27,2025-04-05 22:37:27,Machinery,513.13,Delivered
SHP-42180268,Mcbride-Gilmore,South Jeremyborough,Eatonstad,ONE,1674.45,926.23,2026-02-04 07:31:38,2026-02-11 07:31:38,2026-02-09 07:31:38,Medicines,1199.1,Delivered
SHP-80072428,Greene-Liu,Brownview,Gravesmouth,ONE,1541.94,695.47,2025-05-22 02:52:19,2025-05-28 02:52:19,2025-05-28 02:52:19,Machinery,923.9,Delivered
SHP-68871754,"Johnson, Richardson and Obrien",Gravesmouth,Taylorland,Maersk,6590.49,3191.05,2025-09-16 13:38:40,2025-10-04 13:38:40,2025-10-04 13:38:40,Textiles,4674.75,Delivered
SHP-85128720,Mcfarland LLC,Bartlettmouth,South Tiffanytown,COSCO,4942.56,2470.84,2025-06-17 14:51:25,2025-06-30 14:51:25,2025-06-29 14:51:25,Machinery,3029.43,Delivered
SHP-35415360,Wyatt-Peterson,West Kara,Bryanland,,9650.19,4010.84,2026-01-29 10:51:35,2026-02-22 10:51:35,2026-02-20 10:51:35,Medicines,4728.81,Delivered
SHP-46637615,Hall-Mills,Brownview,Gravesmouth,ONE,4843.82,2724.9,2025-12-28 10:07:09,2026-01-08 10:07:09,2026-01-07 10:07:09,Foodstuff,3856.25,Delivered
SHP-5756109,Fields-Miller Inc,South Jeremyborough,Ginatown,CMA CGM,6005.44,2677.0,2026-02-25 06:04:59,2026-03-13 06:04:59,2026-03-12 06:04:59,Foodstuff,3738.02,Delivered
SHP-70654291,"Elliott, Sutton and Jackson",West Kara,Eatonstad,Maersk,2822.46,1143.78,2025-07-02 02:22:54,2025-07-10 02:22:54,2025-07-08 02:22:54,Chemicals,1685.58,Delivered
SHP-64441195,Leon-Gordon,West Joshuabury,Ginatown,Evergreen,7158.76,3610.93,2025-03-31 04:44:49,2025-04-18 04:44:49,2025-04-18 04:44:49,Auto Parts,5108.86,Delivered
SHP-48394176,Hall-Mills Inc,West Stephanieborough,Ginatown,Evergreen,6418.37,3313.92,2025-07-29 18:35:42,2025-08-15 18:35:42,2025-08-15 18:35:42,Auto Parts,3917.17,Delivered
SHP-53722465,"Mendez, Mueller and Lee",Deniseshire,South Jeremyborough,CMA CGM,6432.26,3064.64,2026-02-08 16:48:00,2026-02-25 16:48:00,2026-02-25 16:48:00,Textiles,3706.96,Delivered
SHP-57933234,"Oneal, Thompson and White Inc",Eatonstad,Deniseshire,COSCO,631.68,261.64,2025-07-18 11:48:07,2025-07-22 11:48:07,2025-07-22 11:48:07,Auto Parts,391.89,Delivered
SHP-91136991,"Black, Smith and Wright",West Stephanieborough,North Johnfort,Maersk,7649.92,4433.17,2025-06-04 00:25:04,2025-06-22 00:25:04,2025-06-24 00:25:04,Chemicals,6026.08,Delivered
SHP-36808154,Leon-Gordon,Bryanland,Barkertown,Hapag-Lloyd,4831.92,2498.17,2025-06-13 05:11:25,2025-06-24 05:11:25,2025-06-22 05:11:25,Textiles,3197.85,Delivered
SHP-64165329,Leon-Gordon,Barkertown,Gravesmouth,MSC,6374.2,2779.38,2026-02-02 03:02:05,2026-02-16 03:02:05,2026-02-23 03:02:05,Textiles,3614.94,Delivered
SHP-81482431,Hall-Mills Inc,Williamshire,Brownview,,7355.48,4088.55,2025-08-18 23:18:31,2025-09-05 23:18:31,2025-09-04 23:18:31,Machinery,5736.9,Delivered
SHP-54338473,Vaughn Inc,Barkertown,Deniseshire,MSC,8318.91,3898.06,2025-12-30 18:20:14,2026-01-20 18:20:14,2026-01-18 18:20:14,Auto Parts,5514.56,Delivered
SHP-18050309,"Elliott, Sutton and Jackson",Taylorland,Meganhaven,COSCO,641.4,259.3,2025-08-05 13:19:04,2025-08-09 13:19:04,2025-08-09 13:19:04,Electronics,321.5,Delivered
SHP-96011218,Mcbride-Gilmore,South Tiffanytown,Bryanland,MSC,3307.67,1401.76,2026-01-02 04:58:45,2026-01-11 04:58:45,2026-01-09 04:58:45,Chemicals,1702.89,Delivered
SHP-54947477,Watson-Welch Inc,Williamshire,Bartlettmouth,Hapag-Lloyd,747.4,1203.82,2025-03-19 11:55:59,2025-03-24 11:55:59,2025-03-24 11:55:59,Textiles,1393.96,Delivered
SHP-96345344,"Elliott, Sutton and Jackson Inc",Williamshire,North Johnfort,CMA CGM,4117.79,1728.28,2026-01-16 16:30:58,2026-01-29 16:30:58,2026-01-29 16:30:58,Medicines,2064.23,Delivered
SHP-39305987,Mayer-Green,Brownview,Ginatown,Hapag-Lloyd,5909.99,2813.61,2025-09-13 09:59:30,2025-09-28 09:59:30,2025-10-01 09:59:30,Foodstuff,3881.94,Delivered
SHP-5321107,Chang Group,West Joshuabury,Lake Susan,Maersk,8010.64,3579.18,2025-09-09 05:38:52,2025-09-30 05:38:52,2025-10-05 05:38:52,Electronics,5086.69,Delivered
SHP-97693108,"Elliott, Sutton and Jackson",Eatonstad,South Jeremyborough,Hapag-Lloyd,6908.08,3866.73,2025-12-08 11:20:14,2025-12-24 11:20:14,2025-12-24 11:20:14,Auto Parts,4901.28,Delivered
SHP-70599429,"Newman, Brennan and Valdez",South Jeremyborough,Barkertown,Maersk,5927.38,2443.88,2025-12-09 00:45:03,2025-12-25 00:45:03,2025-12-25 00:45:03,Auto Parts,2760.22,Delivered
SHP-58579574,Leon-Gordon,Williamshire,Brownview,ONE,6110.49,2592.99,2025-05-04 18:32:25,2025-05-18 18:32:25,2025-05-17 18:32:25,Machinery,3740.61,Delivered
SHP-6968900,Mcfarland LLC,Lake Susan,Eatonstad,COSCO,7173.77,3498.3,2025-07-04 15:42:14,2025-07-20 15:42:14,2025-07-24 15:42:14,Auto Parts,4504.07,Delivered
SHP-44754419,"Campbell, Owen and Marquez",Bartlettmouth,Meganhaven,CMA CGM,4639.04,2528.62,2025-08-09 10:17:31,2025-08-23 10:17:31,2025-08-21 10:17:31,Auto Parts,3633.07,Delivered
SHP-92269082,Hernandez-Edwards,Taylorland,Barkertown,,2534.15,1145.2,2025-10-17 17:38:42,2025-10-25 17:38:42,2025-10-23 17:38:42,Foodstuff,1654.03,Delivered
SHP-14131363,Cooper-Erickson,Gravesmouth,Bartlettmouth,Maersk,3761.32,1537.26,2025-04-11 05:38:07,2025-04-20 05:38:07,2025-04-19 05:38:07,Medicines,1720.25,Delivered
SHP-93278830,"Young, Whitehead and Smith",Taylorland,Ginatown,Hapag-Lloyd,1632.71,808.45,2025-06-18 04:35:16,2025-06-24 04:35:16,2025-06-22 04:35:16,Foodstuff,1012.89,Delivered
SHP-90131408,Martin-Taylor,Ginatown,Lake Susan,MSC,2178.66,1095.09,2025-08-30 01:37:56,2025-09-07 01:37:56,2025-09-07 01:37:56,Foodstuff,1407.07,Delivered
SHP-85433889,Johnson-Jennings,North Johnfort,Lake Susan,Hapag-Lloyd,4069.73,2155.34,2025-03-26 04:04:19,2025-04-08 04:04:19,2025-04-06 04:04:19,Chemicals,2868.3,Delivered
SHP-31181545,Morales-Williams Inc,West Kara,Bryanland,ONE,6626.27,3171.12,2025-03-28 22:40:08,2025-04-13 22:40:08,2025-04-12 22:40:08,Machinery,3934.48,Delivered
SHP-54795751,Williams Inc,Lake Susan,Bartlettmouth,CMA CGM,892.83,526.56,2026-03-10 23:10:29,2026-03-14 23:10:29,2026-03-12 23:10:29,Chemicals,769.92,Delivered
SHP-95280243,Gomez-Frost,Ginatown,West Joshuabury,ONE,9752.44,4087.9,2025-12-29 12:09:57,2026-01-22 12:09:57,2026-01-20 12:09:57,Electronics,5869.22,Delivered
SHP-22244828,Mcbride-Gilmore,New Chase,South Tiffanytown,Evergreen,1470.59,751.46,2025-11-07 22:11:46,2025-11-13 22:11:46,2025-11-26 22:11:46,Chemicals,921.31,Delivered
SHP-53447728,Clark-Lang,Lake Derekhaven,Bartlettmouth,CMA CGM,6253.49,3387.69,2025-04-19 18:00:03,2025-05-06 18:00:03,2025-05-05 18:00:03,Machinery,4318.94,Delivered
SHP-33319761,Gomez-Frost,Williamshire,Ginatown,COSCO,6351.02,3330.96,2025-07-26 09:53:02,2025-08-10 09:53:02,2025-08-08 09:53:02,Auto Parts,4290.92,Delivered
SHP-50578215,Velazquez Inc,Bryanland,Meganhaven,,1199.16,497.77,2025-03-28 12:49:56,2025-04-01 12:49:56,2025-03-30 12:49:56,Textiles,699.83,Delivered
SHP-61073281,"Oneal, Thompson and White",Gravesmouth,Meganhaven,COSCO,1956.06,830.92,2025-10-22 00:52:59,2025-10-27 00:52:59,2025-10-25 00:52:59,Textiles,1045.52,Delivered
SHP-91716753,"Anderson, Miller and Johnson",North Johnfort,West Joshuabury,CMA CGM,6084.12,2755.37,2025-07-24 06:22:58,2025-08-09 06:22:58,2025-08-07 06:22:58,Machinery,3704.38,Delivered
SHP-15796937,Bolton and Sons,West Stephanieborough,West Joshuabury,COSCO,5342.65,2542.51,2026-02-08 01:12:09,2026-02-23 01:12:09,2026-02-22 01:12:09,Chemicals,3195.43,Delivered
SHP-73824086,"Murphy, Johnson and Turner",Williamshire,South Jeremyborough,,8135.38,3299.05,2025-11-01 05:46:43,2025-11-21 05:46:43,2025-11-19 05:46:43,Electronics,3943.01,Delivered
SHP-38158379,Clark-Lang,Barkertown,Deniseshire,COSCO,7991.9,4171.79,2025-03-24 15:08:38,2025-04-12 15:08:38,2025-04-25 15:08:38,Chemicals,6082.65,Delivered
SHP-32954970,"Elliott, Sutton and Jackson",Barkertown,Bartlettmouth,Maersk,1467.74,708.14,2025-08-10 04:46:51,2025-08-14 04:46:51,2025-08-14 04:46:51,Electronics,813.06,Delivered
SHP-95349739,Wyatt-Peterson,West Joshuabury,Ginatown,Maersk,8911.09,4426.56,2025-11-03 21:16:38,2025-11-22 21:16:38,2025-11-29 21:16:38,Foodstuff,5470.96,Delivered
SHP-12791835,Mayer-Green,South Jeremyborough,West Stephanieborough,Evergreen,3999.75,1956.97,2025-10-06 13:36:20,2025-10-18 13:36:20,2025-10-16 13:36:20,Electronics,2279.22,Delivered
SHP-17991544,Williams Inc,Eatonstad,South Jeremyborough,Maersk,5159.23,8979.61,2025-11-21 00:22:54,2025-12-04 00:22:54,2025-12-02 00:22:54,Medicines,11713.82,Delivered
SHP-13538514,Miller-Downs,Brownview,Gravesmouth,MSC,9966.4,5463.96,2025-05-26 06:05:16,2025-06-19 06:05:16,2025-06-18 06:05:16,Textiles,6860.89,Delivered
SHP-36305084,Hernandez-Edwards,Gravesmouth,Barkertown,MSC,8917.98,3911.89,2025-06-04 18:38:45,2025-06-26 18:38:45,2025-06-24 18:38:45,Textiles,4982.4,Delivered
SHP-66360888,Johnson-Jennings,Meganhaven,North Johnfort,MSC,8881.17,4798.79,2025-10-25 23:19:52,2025-11-13 23:19:52,2025-11-13 23:19:52,Foodstuff,6732.81,Delivered
SHP-89854116,Rogers-Hammond Inc,Ginatown,Deniseshire,CMA CGM,9098.96,4277.87,2026-01-25 16:08:15,2026-02-14 16:08:15,2026-02-20 16:08:15,Chemicals,6044.25,Delivered
SHP-25777473,Sutton Group,South Jeremyborough,Lake Derekhaven,Maersk,2067.91,1119.4,2025-11-06 19:32:59,2025-11-13 19:32:59,2025-11-12 19:32:59,Machinery,1571.53,Delivered
SHP-37697577,"Oneal, Thompson and White",Brownview,South Tiffanytown,COSCO,9567.11,5034.25,2025-11-04 04:03:02,2025-11-25 04:03:02,2025-11-23 04:03:02,Foodstuff,6691.36,Delivered
SHP-84102566,"Campbell, Owen and Marquez",Eatonstad,South Tiffanytown,MSC,8462.67,3522.04,2025-11-15 20:26:46,2025-12-06 20:26:46,2025-12-15 20:26:46,Chemicals,4761.97,Delivered
SHP-69509736,Bailey LLC,Taylorland,Eatonstad,ONE,1712.98,832.1,2025-07-15 16:44:44,2025-07-22 16:44:44,2025-07-22 16:44:44,Machinery,1225.56,Delivered
SHP-37802413,"Newman, Brennan and Valdez Inc",Williamshire,Ginatown,Maersk,9255.74,5458.73,2025-09-13 18:03:12,2025-10-03 18:03:12,2025-10-02 18:03:12,Machinery,8140.06,Delivered
SHP-70742566,"Young, Whitehead and Smith",Brownview,South Jeremyborough,COSCO,1390.67,789.67,2025-06-16 00:49:45,2025-06-22 00:49:45,2025-06-20 00:49:45,Textiles,891.89,Delivered
SHP-45382770,Kim Ltd,South Jeremyborough,West Stephanieborough,Evergreen,2703.38,1330.43,2026-01-23 17:13:28,2026-02-01 17:13:28,2026-02-05 17:13:28,Machinery,1480.69,Delivered
SHP-8099639,Watson-Welch,Lake Derekhaven,Barkertown,Evergreen,9194.57,3911.72,2025-09-20 06:17:52,2025-10-10 06:17:52,2025-10-08 06:17:52,Textiles,5124.92,Delivered
SHP-68515908,Clark-Lang,South Tiffanytown,Brownview,,9617.57,5272.18,2025-05-28 05:46:33,2025-06-19 05:46:33,2025-06-17 05:46:33,Foodstuff,7542.05,Delivered
SHP-66468940,Adams-Dyer,North Johnfort,South Tiffanytown,Hapag-Lloyd,3805.0,1538.98,2025-12-24 04:05:15,2026-01-05 04:05:15,2026-01-18 04:05:15,Chemicals,1749.57,Delivered
SHP-9721425,Fields-Miller,Gravesmouth,Brownview,Maersk,2850.5,1655.79,2025-05-04 13:12:04,2025-05-12 13:12:04,2025-05-10 13:12:04,Chemicals,1937.54,Delivered
SHP-87638240,"Smith, Bowers and Kim",New Chase,Deniseshire,,6674.75,3469.64,2025-08-18 06:57:35,2025-09-04 06:57:35,2025-09-02 06:57:35,Foodstuff,4739.27,Delivered
SHP-39626516,"Hines, Parker and Potts",Bartlettmouth,Lake Derekhaven,Evergreen,4564.67,2677.92,2026-01-12 21:20:03,2026-01-24 21:20:03,2026-01-24 21:20:03,Auto Parts,3631.06,Delivered
SHP-16376559,"Oneal, Thompson and White",Brownview,Deniseshire,Maersk,2357.27,1333.86,2025-09-15 10:29:33,2025-09-24 10:29:33,2025-09-24 10:29:33,Foodstuff,1783.72,Delivered
SHP-23589555,Hernandez-Edwards,West Joshuabury,Taylorland,Hapag-Lloyd,2199.33,1259.01,2025-03-25 14:19:43,2025-04-02 14:19:43,2025-04-13 14:19:43,Textiles,1406.25,Delivered
SHP-74492239,"Oneal, Thompson and White",North Johnfort,South Jeremyborough,MSC,7173.98,2911.1,2025-06-08 10:20:34,2025-06-27 10:20:34,2025-06-26 10:20:34,Electronics,3903.84,Delivered
SHP-97166810,Kim Ltd,West Stephanieborough,New Chase,Maersk,1020.3,548.83,2025-10-07 08:29:38,2025-10-11 08:29:38,2025-10-16 08:29:38,Machinery,637.24,Delivered
SHP-65264915,"Black, Smith and Wright",Williamshire,New Chase,CMA CGM,5301.09,2922.45,2026-02-09 11:42:27,2026-02-23 11:42:27,2026-02-23 11:42:27,Medicines,4370.75,Delivered
SHP-78520767,Hernandez-Edwards,Taylorland,Ginatown,CMA CGM,5929.13,3211.6,2025-04-14 07:18:58,2025-04-30 07:18:58,2025-04-30 07:18:58,Auto Parts,4497.63,Delivered
SHP-16537789,"Black, Smith and Wright",West Joshuabury,Lake Susan,Maersk,7469.11,3935.29,2026-02-11 15:40:54,2026-03-01 15:40:54,2026-02-28 15:40:54,Auto Parts,4649.07,Delivered
SHP-13097879,"Young, Anderson and Thompson",South Jeremyborough,Gravesmouth,Maersk,3746.48,1860.84,2025-09-07 14:16:42,2025-09-16 14:16:42,2025-09-15 14:16:42,Machinery,2072.43,Delivered
SHP-15541064,Mcbride-Gilmore,Bartlettmouth,North Johnfort,Evergreen,7298.95,3361.98,2025-07-22 21:48:15,2025-08-08 21:48:15,2025-08-13 21:48:15,Textiles,4620.95,Delivered
SHP-35668857,Olson-Brown,North Johnfort,Eatonstad,Hapag-Lloyd,4934.52,2799.63,2025-05-06 11:19:56,2025-05-19 11:19:56,2025-05-18 11:19:56,Chemicals,3323.86,Delivered
SHP-49332047,"Young, Whitehead and Smith",Taylorland,Lake Susan,ONE,6945.64,3252.96,2026-03-08 12:42:54,2026-03-24 12:42:54,2026-03-23 12:42:54,Electronics,4157.87,Delivered
SHP-28570990,Vaughn Inc,Williamshire,North Johnfort,Evergreen,6939.9,3519.72,2025-04-28 19:46:47,2025-05-13 19:46:47,2025-05-12 19:46:47,Auto Parts,5130.73,Delivered
SHP-905217,Wyatt-Peterson,South Tiffanytown,Lake Derekhaven,MSC,5991.25,3277.2,2025-06-19 03:49:12,2025-07-02 03:49:12,2025-06-30 03:49:12,Medicines,4675.38,Delivered
SHP-99019236,"Black, Smith and Wright",South Tiffanytown,South Jeremyborough,Maersk,2432.19,1072.36,2025-10-20 03:58:37,2025-10-27 03:58:37,2025-10-25 03:58:37,Chemicals,1295.62,Delivered
SHP-39871715,Bolton and Sons Inc,Eatonstad,West Kara,ONE,9591.92,5716.79,2025-10-27 12:59:14,2025-11-18 12:59:14,2025-11-20 12:59:14,Chemicals,6912.26,Delivered
SHP-42674609,Pope Inc,Eatonstad,Barkertown,ONE,8193.49,3314.99,2025-07-18 02:47:53,2025-08-06 02:47:53,2025-08-06 02:47:53,Medicines,3837.48,Delivered
SHP-27482819,Hall-Mills,Bartlettmouth,West Kara,,5623.83,2764.51,2025-04-17 04:45:52,2025-05-02 04:45:52,2025-05-02 04:45:52,Auto Parts,3760.36,Delivered
SHP-95094463,"Hines, Parker and Potts",Barkertown,Taylorland,CMA CGM,3665.31,2176.8,2025-08-20 09:51:53,2025-08-29 09:51:53,2025-08-28 09:51:53,Foodstuff,2968.51,Delivered
SHP-26445279,"Johnson, Richardson and Obrien",West Kara,Barkertown,Maersk,5148.27,2174.39,2025-04-03 14:33:05,2025-04-15 14:33:05,2025-04-14 14:33:05,Chemicals,3124.89,Delivered
SHP-29220337,Bailey LLC,West Stephanieborough,Deniseshire,CMA CGM,4669.57,2405.69,2025-03-17 12:34:15,2025-03-29 12:34:15,2025-03-27 12:34:15,Foodstuff,3009.08,Delivered
SHP-19446191,Weiss Inc,Ginatown,West Kara,ONE,7891.66,3389.03,2025-07-07 03:34:32,2025-07-25 03:34:32,2025-07-24 03:34:32,Chemicals,3834.13,Delivered
SHP-76918982,Mayer-Green,Gravesmouth,Lake Derekhaven,ONE,732.59,377.99,2025-06-07 09:46:05,2025-06-12 09:46:05,2025-06-10 09:46:05,Chemicals,527.7,Delivered
SHP-99742085,Wyatt-Peterson,Lake Derekhaven,Gravesmouth,Hapag-Lloyd,6406.8,2777.09,2025-09-29 22:26:26,2025-10-14 22:26:26,2025-10-26 22:26:26,Foodstuff,4051.22,Delivered
SHP-24360420,Leon-Gordon,Barkertown,Gravesmouth,Hapag-Lloyd,5592.8,2299.97,2026-02-26 17:25:29,2026-03-14 17:25:29,2026-03-17 17:25:29,Medicines,3217.37,Delivered
SHP-10282481,Martin-Taylor,New Chase,Williamshire,Evergreen,3135.97,1867.66,2025-10-09 12:48:10,2025-10-19 12:48:10,2025-10-27 12:48:10,Foodstuff,2249.6,Delivered
SHP-26229142,"Elliott, Sutton and Jackson",South Jeremyborough,Williamshire,CMA CGM,3064.59,1517.09,2025-11-20 16:07:18,2025-12-01 16:07:18,2025-11-29 16:07:18,Machinery,1729.38,Delivered
SHP-260103,"Hines, Parker and Potts",Deniseshire,Ginatown,,2906.46,1477.68,2025-08-16 23:46:58,2025-08-23 23:46:58,2025-08-22 23:46:58,Auto Parts,1656.35,Delivered
SHP-93003558,Mcbride-Gilmore,West Kara,New Chase,COSCO,7248.71,3590.29,2025-12-11 07:29:01,2025-12-28 07:29:01,2025-12-28 07:29:01,Foodstuff,5350.36,Delivered
SHP-20768015,Greene-Liu,West Joshuabury,Taylorland,,4287.63,1966.81,2025-06-14 03:18:23,2025-06-24 03:18:23,2025-06-22 03:18:23,Foodstuff,2870.1,Delivered
SHP-61094366,Bailey LLC,Eatonstad,Lake Derekhaven,ONE,6603.58,3010.03,2025-03-26 02:37:58,2025-04-12 02:37:58,2025-04-11 02:37:58,Auto Parts,3406.69,Delivered
SHP-24132484,Hughes-Smith,Gravesmouth,Meganhaven,CMA CGM,1830.12,1009.72,2026-02-17 07:30:14,2026-02-23 07:30:14,2026-02-21 07:30:14,Electronics,1309.44,Delivered
SHP-26587636,"Newman, Brennan and Valdez",Williamshire,Ginatown,CMA CGM,3194.34,1816.97,2025-03-23 00:06:51,2025-04-02 00:06:51,2025-04-12 00:06:51,Foodstuff,2368.54,Delivered
SHP-12892163,"Johnson, Richardson and Obrien",North Johnfort,Meganhaven,MSC,9485.57,5533.21,2025-09-26 14:55:46,2025-10-17 14:55:46,2025-10-15 14:55:46,Electronics,6412.72,Delivered
SHP-95556846,Johnson-Jennings,Bryanland,West Joshuabury,COSCO,5190.65,2795.17,2025-08-16 08:10:37,2025-08-28 08:10:37,2025-09-02 08:10:37,Foodstuff,3511.87,Delivered
SHP-63881648,Wyatt-Peterson,West Joshuabury,Meganhaven,Maersk,7539.05,3352.55,2025-09-13 06:51:30,2025-09-30 06:51:30,2025-09-30 06:51:30,Medicines,4535.6,Delivered
SHP-22827622,Williams Inc,South Tiffanytown,Taylorland,Maersk,5753.89,3066.06,2025-06-19 01:23:02,2025-07-02 01:23:02,2025-07-10 01:23:02,Auto Parts,3861.96,Delivered
SHP-40497867,"Elliott, Sutton and Jackson",West Joshuabury,Ginatown,MSC,3266.14,1307.98,2025-04-06 02:55:27,2025-04-15 02:55:27,2025-04-26 02:55:27,Chemicals,1519.07,Delivered
SHP-31651470,"Mendez, Mueller and Lee",Deniseshire,Taylorland,COSCO,7753.62,3224.01,2025-04-18 18:28:02,2025-05-05 18:28:02,2025-05-05 18:28:02,Foodstuff,3549.03,Delivered
SHP-71970318,Bolton and Sons Inc,Deniseshire,West Joshuabury,Maersk,6474.93,3321.37,2025-12-01 03:40:29,2025-12-17 03:40:29,2025-12-17 03:40:29,Chemicals,4703.93,Delivered
SHP-91688112,"Campbell, Owen and Marquez",Brownview,New Chase,MSC,1648.39,952.34,2025-09-21 10:20:01,2025-09-28 10:20:01,2025-09-27 10:20:01,Machinery,1322.45,Delivered
SHP-89908536,Pope Inc,Williamshire,Eatonstad,Hapag-Lloyd,4487.93,2083.79,2026-02-27 13:48:04,2026-03-10 13:48:04,2026-03-08 13:48:04,Electronics,2352.78,Delivered
SHP-95577265,Miller-Williams,Meganhaven,North Johnfort,ONE,6424.29,3400.31,2025-08-02 07:08:03,2025-08-18 07:08:03,2025-08-17 07:08:03,Auto Parts,4007.62,Delivered
SHP-41434141,Weiss Inc,Williamshire,Bartlettmouth,MSC,6244.83,3711.47,2025-11-15 02:29:06,2025-11-30 02:29:06,2025-11-29 02:29:06,Auto Parts,5299.54,Delivered
SHP-36575752,Smith PLC,Barkertown,West Kara,Hapag-Lloyd,5880.17,2676.81,2025-04-08 12:39:04,2025-04-22 12:39:04,2025-04-20 12:39:04,Textiles,2949.3,Delivered
SHP-19746636,"Murphy, Johnson and Turner",Taylorland,Bryanland,Maersk,1232.67,676.64,2025-05-23 13:43:07,2025-05-27 13:43:07,2025-05-26 13:43:07,Machinery,759.18,Delivered
SHP-42723999,Hughes-Smith,North Johnfort,Meganhaven,ONE,3522.53,1560.32,2025-07-10 15:50:02,2025-07-20 15:50:02,2025-07-20 15:50:02,Chemicals,2206.95,Delivered
SHP-28194288,Sutton Group,North Johnfort,Bryanland,ONE,2818.56,1374.73,2025-11-21 06:37:15,2025-11-28 06:37:15,2025-11-27 06:37:15,Textiles,1913.59,Delivered
SHP-23747269,"Mendez, Mueller and Lee",West Joshuabury,West Stephanieborough,COSCO,9024.6,4445.55,2025-05-10 10:05:20,2025-06-01 10:05:20,2025-06-05 10:05:20,Chemicals,6015.54,Delivered
SHP-86624449,"Black, Smith and Wright",Taylorland,West Stephanieborough,CMA CGM,7914.94,3417.36,2026-01-08 09:03:49,2026-01-27 09:03:49,2026-01-26 09:03:49,Machinery,4066.07,Delivered
SHP-54384373,Wyatt-Peterson,Barkertown,South Tiffanytown,MSC,4953.32,2628.07,2025-10-29 10:18:22,2025-11-10 10:18:22,2025-11-19 10:18:22,Medicines,3058.7,Delivered
SHP-47674826,Miller-Williams,North Johnfort,Gravesmouth,CMA CGM,3241.64,1472.83,2025-12-29 20:02:56,2026-01-09 20:02:56,2026-01-17 20:02:56,Foodstuff,1670.18,Delivered
SHP-96162237,Bailey LLC,West Kara,West Stephanieborough,Evergreen,8223.75,3730.26,2025-04-15 14:58:39,2025-05-06 14:58:39,2025-05-05 14:58:39,Electronics,4197.23,Delivered
SHP-58247853,Adams-Dyer,Barkertown,Williamshire,Maersk,4694.06,2596.12,2026-01-08 03:45:47,2026-01-19 03:45:47,2026-01-17 03:45:47,Auto Parts,3876.08,Delivered
SHP-67237470,Miller-Williams,South Tiffanytown,Barkertown,Evergreen,3643.74,1843.33,2025-12-19 17:25:27,2025-12-28 17:25:27,2025-12-27 17:25:27,Textiles,2557.18,Delivered
SHP-48741986,Mcfarland LLC,North Johnfort,South Tiffanytown,Hapag-Lloyd,2418.65,1134.09,2026-03-01 17:43:33,2026-03-10 17:43:33,2026-03-23 17:43:33,Auto Parts,1557.1,Delivered
SHP-92247890,"Young, Anderson and Thompson",Ginatown,Lake Susan,ONE,8974.25,5224.11,2025-08-05 12:34:08,2025-08-24 12:34:08,2025-08-22 12:34:08,Medicines,6886.37,Delivered
SHP-76188231,Kim Ltd,Eatonstad,Brownview,Maersk,9069.84,5069.0,2025-12-23 16:16:14,2026-01-14 16:16:14,2026-01-13 16:16:14,Foodstuff,5961.98,Delivered
SHP-44136001,Johnson-Jennings,Meganhaven,West Kara,ONE,4984.23,2371.04,2025-05-26 18:10:12,2025-06-08 18:10:12,2025-06-12 18:10:12,Chemicals,3090.51,Delivered
SHP-45678041,Greene-Liu,West Kara,Lake Derekhaven,,6760.99,2909.31,2025-07-02 16:36:50,2025-07-20 16:36:50,2025-07-26 16:36:50,Auto Parts,3445.5,Delivered
SHP-21022718,"Smith, Bowers and Kim",Barkertown,Brownview,COSCO,1033.41,507.67,2025-08-12 08:40:32,2025-08-18 08:40:32,2025-08-16 08:40:32,Electronics,656.46,Delivered
SHP-30998199,Mcfarland LLC,West Kara,Lake Susan,Hapag-Lloyd,1992.06,1149.42,2026-03-10 11:14:36,2026-03-17 11:14:36,2026-03-15 11:14:36,Medicines,1613.59,Delivered
SHP-63310115,Bolton and Sons,Brownview,Taylorland,Hapag-Lloyd,6055.76,2673.22,2025-05-21 06:38:42,2025-06-06 06:38:42,2025-06-04 06:38:42,Medicines,3145.86,Delivered
SHP-97030083,"Hines, Parker and Potts",South Tiffanytown,New Chase,CMA CGM,9390.09,4426.82,2025-10-20 09:02:46,2025-11-09 09:02:46,2025-11-09 09:02:46,Machinery,5375.42,Delivered
SHP-36918472,Olson-Brown,Williamshire,Lake Derekhaven,Hapag-Lloyd,636.5,359.62,2025-05-07 00:37:24,2025-05-11 00:37:24,2025-05-11 00:37:24,Textiles,499.69,Delivered
SHP-39029478,Mcfarland LLC,Taylorland,West Kara,,609.55,357.69,2026-03-07 01:12:36,2026-03-12 01:12:36,2026-03-12 01:12:36,Chemicals,526.19,Delivered
SHP-19041277,Gomez-Frost Inc,Lake Derekhaven,New Chase,ONE,2274.56,962.8,2026-02-25 16:09:42,2026-03-04 16:09:42,2026-03-03 16:09:42,Electronics,1076.71,Delivered
SHP-85682899,Smith PLC,Taylorland,Bartlettmouth,ONE,6926.56,3647.9,2026-01-16 05:24:51,2026-02-03 05:24:51,2026-02-03 05:24:51,Textiles,4074.03,Delivered
SHP-47828016,Cooper-Erickson,North Johnfort,Lake Susan,CMA CGM,9974.98,4088.06,2025-04-29 01:14:06,2025-05-22 01:14:06,2025-05-20 01:14:06,Textiles,5538.4,Delivered
SHP-8253924,"Mendez, Mueller and Lee",West Stephanieborough,Williamshire,Evergreen,6049.12,3034.4,2026-03-11 01:06:46,2026-03-26 01:06:46,2026-03-24 01:06:46,Auto Parts,4440.41,Delivered
SHP-51640583,Sutton Group,Bartlettmouth,Williamshire,Hapag-Lloyd,1433.88,816.61,2025-04-03 18:50:31,2025-04-08 18:50:31,2025-04-19 18:50:31,Electronics,1005.47,Delivered
SHP-69342842,"Jenkins, Caldwell and Hughes Inc",Barkertown,Gravesmouth,Maersk,8834.3,4276.01,2025-04-19 17:53:13,2025-05-11 17:53:13,2025-05-10 17:53:13,Medicines,5223.54,Delivered
SHP-98838310,Fields-Miller,Eatonstad,South Tiffanytown,Evergreen,9198.34,4822.58,2025-04-24 04:08:12,2025-05-15 04:08:12,2025-05-14 04:08:12,Textiles,5736.72,Delivered
SHP-65852299,Mcfarland LLC,Barkertown,Meganhaven,ONE,3493.56,1803.04,2026-03-04 22:23:53,2026-03-15 22:23:53,2026-03-15 22:23:53,Foodstuff,2613.89,Delivered
SHP-24408185,Martin-Taylor,Bartlettmouth,South Jeremyborough,,9825.48,4942.61,2025-10-02 11:09:09,2025-10-26 11:09:09,2025-10-24 11:09:09,Auto Parts,5913.67,Delivered
SHP-63678278,Greene-Liu,Bartlettmouth,South Jeremyborough,CMA CGM,7902.6,3220.13,2025-12-25 07:35:56,2026-01-11 07:35:56,2026-01-09 07:35:56,Chemicals,4061.23,Delivered
SHP-13437653,Adams-Dyer Inc,Gravesmouth,Bryanland,MSC,7431.58,4325.43,2025-04-08 03:52:58,2025-04-25 03:52:58,2025-04-24 03:52:58,Medicines,4882.53,Delivered
SHP-45803861,"Mendez, Mueller and Lee",North Johnfort,South Jeremyborough,CMA CGM,3356.01,1390.52,2026-02-01 15:26:15,2026-02-11 15:26:15,2026-02-19 15:26:15,Machinery,1917.17,Delivered
SHP-23669225,Reese Ltd,West Kara,Lake Derekhaven,CMA CGM,1888.56,1122.99,2025-03-27 22:27:46,2025-04-01 22:27:46,2025-03-30 22:27:46,Medicines,1477.69,Delivered
SHP-5148863,"Oneal, Thompson and White",South Tiffanytown,North Johnfort,ONE,6243.35,3244.35,2025-10-06 03:42:09,2025-10-23 03:42:09,2025-10-22 03:42:09,Textiles,4112.83,Delivered
SHP-1693253,Rogers-Hammond,West Joshuabury,Brownview,MSC,915.6,510.45,2025-06-30 23:51:32,2025-07-04 23:51:32,2025-07-05 23:51:32,Machinery,648.28,Delivered
SHP-10057131,"Young, Whitehead and Smith",North Johnfort,Brownview,Hapag-Lloyd,6941.05,2986.31,2025-07-15 01:50:39,2025-07-30 01:50:39,2025-07-30 01:50:39,Electronics,4317.85,Delivered
SHP-62305972,Castro-Larson,Deniseshire,Williamshire,Maersk,3667.41,2090.32,2025-06-05 14:42:23,2025-06-17 14:42:23,2025-06-26 14:42:23,Auto Parts,2491.28,Delivered
SHP-93413428,Pope Inc,South Jeremyborough,Brownview,Evergreen,2015.02,1134.95,2026-01-21 08:05:03,2026-01-30 08:05:03,2026-01-30 08:05:03,Textiles,1570.37,Delivered
SHP-19290986,Vaughn Inc,South Jeremyborough,Taylorland,MSC,5151.55,2568.69,2025-06-20 04:13:09,2025-07-02 04:13:09,2025-07-02 04:13:09,Medicines,3370.38,Delivered
SHP-6816479,Hughes-Smith,Barkertown,North Johnfort,MSC,7263.79,3482.67,2026-02-22 22:26:46,2026-03-10 22:26:46,2026-03-13 22:26:46,Textiles,3927.9,Delivered
SHP-79780655,Cooper-Erickson,Bartlettmouth,South Jeremyborough,MSC,6358.23,3189.82,2025-09-24 02:55:19,2025-10-10 02:55:19,2025-10-09 02:55:19,Foodstuff,4318.88,Delivered
SHP-91621771,Clark-Lang Inc,Eatonstad,New Chase,Hapag-Lloyd,1582.66,677.51,2025-04-09 22:31:46,2025-04-17 22:31:46,2025-04-15 22:31:46,Machinery,1014.67,Delivered
SHP-58473805,Fields-Miller,Deniseshire,Eatonstad,COSCO,1561.57,645.71,2025-05-09 11:26:43,2025-05-14 11:26:43,2025-05-22 11:26:43,Textiles,759.77,Delivered
SHP-62588470,Quinn-Dixon,Lake Susan,Deniseshire,CMA CGM,7222.84,3459.78,2025-05-30 13:49:44,2025-06-18 13:49:44,2025-06-16 13:49:44,Foodstuff,4596.91,Delivered
SHP-14356199,Adams-Dyer Inc,Lake Derekhaven,Williamshire,Evergreen,2888.76,1356.06,2025-06-20 09:10:55,2025-06-29 09:10:55,2025-06-27 09:10:55,Machinery,1493.4,Delivered
SHP-597533,Weiss Inc,Lake Susan,Bartlettmouth,,602.63,260.55,2026-02-16 04:05:20,2026-02-21 04:05:20,2026-02-21 04:05:20,Machinery,346.91,Delivered
SHP-67764353,Cooper-Erickson,West Joshuabury,Taylorland,Hapag-Lloyd,8003.27,18646.61,2025-12-13 19:53:58,2025-12-31 19:53:58,2025-12-31 19:53:58,Electronics,25176.24,Delivered
SHP-99811758,Velazquez Inc,New Chase,Taylorland,CMA CGM,9914.65,5891.24,2025-06-25 15:09:41,2025-07-16 15:09:41,2025-07-15 15:09:41,Machinery,7417.74,Delivered
SHP-10349539,"Smith, Bowers and Kim",West Kara,Deniseshire,CMA CGM,5153.19,2423.74,2025-03-31 04:21:00,2025-04-13 04:21:00,2025-04-16 04:21:00,Machinery,2824.58,Delivered
SHP-79812312,Adams-Dyer,Gravesmouth,Bryanland,ONE,6550.57,3071.12,2025-11-26 20:53:15,2025-12-13 20:53:15,2025-12-13 20:53:15,Medicines,4481.16,Delivered
SHP-81760219,"Elliott, Sutton and Jackson",Deniseshire,Lake Derekhaven,ONE,2345.67,1100.02,2025-06-04 07:43:37,2025-06-12 07:43:37,2025-06-12 07:43:37,Medicines,1449.02,Delivered
SHP-58054966,Gomez-Frost,West Joshuabury,Deniseshire,Maersk,4223.01,1904.15,2025-09-02 04:55:57,2025-09-15 04:55:57,2025-09-14 04:55:57,Chemicals,2105.17,Delivered
SHP-49998907,"Elliott, Sutton and Jackson",West Kara,Williamshire,Evergreen,1742.59,1002.63,2025-03-11 20:14:16,2025-03-19 20:14:16,2025-03-31 20:14:16,Auto Parts,1204.08,Delivered
SHP-46136339,Miller-Downs,Bryanland,Brownview,,5742.45,2815.12,2025-10-18 22:27:55,2025-10-31 22:27:55,2025-10-31 22:27:55,Textiles,3319.42,Delivered
SHP-60375602,"Black, Smith and Wright",Gravesmouth,Deniseshire,MSC,7496.04,3290.5,2026-01-20 00:29:50,2026-02-05 00:29:50,2026-02-10 00:29:50,Machinery,3940.16,Delivered
SHP-11688739,Greene-Liu,Taylorland,New Chase,MSC,1201.56,549.72,2025-07-28 04:36:05,2025-08-03 04:36:05,2025-08-02 04:36:05,Foodstuff,636.02,Delivered
SHP-72383447,"Jenkins, Caldwell and Hughes",Bryanland,South Jeremyborough,ONE,5079.15,2502.75,2026-02-05 09:50:17,2026-02-20 09:50:17,2026-02-18 09:50:17,Foodstuff,3155.08,Delivered
SHP-80592989,Gomez-Frost,Barkertown,Eatonstad,ONE,8096.24,4716.54,2025-03-15 09:44:59,2025-04-03 09:44:59,2025-04-02 09:44:59,Machinery,5188.44,Delivered
SHP-57024663,Quinn-Dixon,West Stephanieborough,Taylorland,ONE,774.06,457.22,2026-02-04 20:12:49,2026-02-08 20:12:49,2026-02-07 20:12:49,Textiles,633.1,Delivered
SHP-29053189,Fields-Miller,South Jeremyborough,Meganhaven,ONE,6612.19,3668.23,2025-08-24 10:03:32,2025-09-08 10:03:32,2025-09-06 10:03:32,Chemicals,5383.08,Delivered
SHP-26061366,"Newman, Brennan and Valdez",Ginatown,Deniseshire,COSCO,6191.71,2696.34,2025-06-29 13:14:23,2025-07-13 13:14:23,2025-07-13 13:14:23,Electronics,3700.09,Delivered
SHP-33791471,Mcfarland LLC,South Jeremyborough,Lake Derekhaven,Hapag-Lloyd,2119.95,1235.32,2025-10-08 10:54:35,2025-10-15 10:54:35,2025-10-13 10:54:35,Electronics,1383.94,Delivered
SHP-10535522,Castro-Larson,North Johnfort,Eatonstad,CMA CGM,5209.1,2478.84,2025-03-15 11:06:03,2025-03-29 11:06:03,2025-03-28 11:06:03,Foodstuff,3028.43,Delivered
SHP-52892103,"Anderson, Miller and Johnson",West Kara,Eatonstad,COSCO,2616.78,1536.47,2025-07-23 15:23:53,2025-07-31 15:23:53,2025-07-31 15:23:53,Electronics,2159.6,Delivered
SHP-76606324,Fields-Miller,Deniseshire,Brownview,Hapag-Lloyd,4186.7,2346.0,2025-04-21 01:18:11,2025-05-02 01:18:11,2025-04-30 01:18:11,Textiles,3111.77,Delivered
SHP-92605960,Fields-Miller,Lake Derekhaven,Deniseshire,CMA CGM,4236.25,8354.87,2025-10-26 13:23:31,2025-11-07 13:23:31,2025-11-07 13:23:31,Machinery,11087.22,Delivered
SHP-74012310,Watson-Welch,South Jeremyborough,Eatonstad,MSC,7741.56,3167.7,2025-09-26 23:00:39,2025-10-14 23:00:39,2025-10-14 23:00:39,Machinery,3821.35,Delivered
SHP-36012653,"Mendez, Mueller and Lee",North Johnfort,Lake Susan,MSC,9295.11,4325.63,2025-08-01 20:41:54,2025-08-23 20:41:54,2025-08-30 20:41:54,Machinery,5867.0,Delivered
SHP-91402162,Rogers-Hammond,Lake Susan,Taylorland,MSC,8870.22,3573.49,2025-07-13 15:58:02,2025-08-03 15:58:02,2025-08-01 15:58:02,Chemicals,4378.71,Delivered
SHP-95899738,Bolton and Sons,Ginatown,New Chase,Hapag-Lloyd,6280.67,3429.84,2026-01-07 10:31:04,2026-01-24 10:31:04,2026-01-23 10:31:04,Auto Parts,4261.94,Delivered
SHP-13304231,Hall-Mills,Williamshire,West Joshuabury,Evergreen,6112.78,3329.91,2025-10-05 23:29:07,2025-10-19 23:29:07,2025-10-17 23:29:07,Medicines,4333.88,Delivered
SHP-29042414,Wyatt-Peterson,Lake Derekhaven,Gravesmouth,Evergreen,4956.93,2900.55,2025-07-27 17:17:01,2025-08-09 17:17:01,2025-08-09 17:17:01,Auto Parts,3534.45,Delivered
SHP-88370576,Miller-Williams,Bryanland,Deniseshire,Maersk,5197.14,2857.7,2025-07-26 02:44:55,2025-08-07 02:44:55,2025-08-07 02:44:55,Auto Parts,3448.45,Delivered
SHP-90913586,Miller-Williams,West Kara,New Chase,ONE,1911.64,1030.77,2025-05-04 07:23:08,2025-05-12 07:23:08,2025-05-12 07:23:08,Textiles,1181.76,Delivered
SHP-13375898,Mcbride-Gilmore,Barkertown,Deniseshire,CMA CGM,8004.72,3885.82,2025-04-30 04:28:34,2025-05-18 04:28:34,2025-05-24 04:28:34,Medicines,4502.4,Delivered
SHP-34771788,"Young, Whitehead and Smith",Deniseshire,Bartlettmouth,MSC,9376.77,3923.73,2025-12-02 08:11:22,2025-12-24 08:11:22,2025-12-22 08:11:22,Auto Parts,5524.18,Delivered
SHP-14993419,Fields-Miller,Brownview,Ginatown,COSCO,6051.75,2649.05,2025-03-24 17:20:53,2025-04-09 17:20:53,2025-04-09 17:20:53,Textiles,3920.85,Delivered
SHP-41110534,Fields-Miller,Taylorland,South Tiffanytown,ONE,7766.25,4343.2,2025-09-22 08:02:10,2025-10-12 08:02:10,2025-10-12 08:02:10,Foodstuff,5312.41,Delivered
SHP-53149825,Mayer-Green,Lake Susan,Lake Derekhaven,COSCO,9328.62,4638.22,2026-03-04 10:04:39,2026-03-25 10:04:39,2026-03-24 10:04:39,Machinery,6943.1,Delivered
SHP-47578574,Smith PLC,West Joshuabury,West Stephanieborough,COSCO,9000.84,3662.64,2025-05-11 09:16:44,2025-06-01 09:16:44,2025-06-03 09:16:44,Electronics,5437.82,Delivered
SHP-7984266,Mcbride-Gilmore,Barkertown,Lake Derekhaven,COSCO,1176.28,672.54,2026-02-25 23:56:41,2026-03-01 23:56:41,2026-02-27 23:56:41,Textiles,830.33,Delivered
SHP-16701465,"Smith, Bowers and Kim",West Stephanieborough,Ginatown,COSCO,8197.08,4127.69,2025-12-23 04:17:49,2026-01-11 04:17:49,2026-01-18 04:17:49,Chemicals,4809.79,Delivered
SHP-34820106,Reese Ltd,West Stephanieborough,Taylorland,Maersk,3361.64,1866.06,2025-03-31 13:36:33,2025-04-10 13:36:33,2025-04-08 13:36:33,Electronics,2080.55,Delivered
SHP-4650131,Gomez-Frost,New Chase,West Stephanieborough,Evergreen,9801.55,4499.26,2025-12-18 18:41:40,2026-01-09 18:41:40,2026-01-07 18:41:40,Chemicals,6566.11,Delivered
SHP-88849563,Bolton and Sons,Lake Susan,Bartlettmouth,CMA CGM,7341.68,4171.51,2025-03-27 15:43:11,2025-04-13 15:43:11,2025-04-11 15:43:11,Foodstuff,5115.38,Delivered
SHP-16215672,Watson-Welch,Eatonstad,Taylorland,Maersk,3292.07,1413.02,2025-06-18 04:44:26,2025-06-29 04:44:26,2025-06-29 04:44:26,Machinery,1676.21,Delivered
SHP-34090655,Weiss Inc,Gravesmouth,New Chase,COSCO,6725.15,2797.4,2026-02-10 06:00:38,2026-02-25 06:00:38,2026-02-24 06:00:38,Machinery,3643.39,Delivered
SHP-97850537,"Campbell, Owen and Marquez",New Chase,Lake Susan,COSCO,5192.9,3024.17,2025-09-11 18:03:02,2025-09-25 18:03:02,2025-09-23 18:03:02,Textiles,3583.73,Delivered
SHP-91198661,Martin-Taylor,West Kara,West Joshuabury,ONE,9224.09,4946.67,2025-10-07 21:20:21,2025-10-28 21:20:21,2025-10-26 21:20:21,Medicines,6548.66,Delivered
SHP-16136039,Quinn-Dixon,Taylorland,New Chase,Hapag-Lloyd,6584.06,15546.09,2026-01-06 13:29:44,2026-01-23 13:29:44,2026-01-23 13:29:44,Foodstuff,17135.32,Delivered
SHP-26530504,Weiss Inc,Gravesmouth,South Tiffanytown,MSC,5299.96,2409.8,2025-08-24 21:45:41,2025-09-05 21:45:41,2025-09-04 21:45:41,Medicines,3159.41,Delivered
SHP-84386648,Weiss Inc,Bryanland,Bartlettmouth,Maersk,9068.1,4360.92,2025-06-16 00:56:14,2025-07-07 00:56:14,2025-07-07 00:56:14,Machinery,5873.63,Delivered
SHP-90839084,Hall-Mills,Lake Susan,Meganhaven,CMA CGM,7293.95,3775.29,2025-12-16 22:02:15,2026-01-01 22:02:15,2025-12-30 22:02:15,Medicines,4665.95,Delivered
SHP-69614538,Kim Ltd,South Jeremyborough,South Tiffanytown,ONE,9056.16,5333.29,2026-02-06 18:10:36,2026-02-27 18:10:36,2026-02-26 18:10:36,Foodstuff,6973.06,Delivered
SHP-5002098,Cooper-Erickson,Bryanland,Gravesmouth,MSC,4587.06,2687.61,2025-09-20 06:49:23,2025-10-02 06:49:23,2025-10-02 06:49:23,Medicines,3456.05,Delivered
SHP-19206941,"Young, Whitehead and Smith Inc",Deniseshire,North Johnfort,Maersk,9115.63,3786.8,2025-08-07 09:09:57,2025-08-29 09:09:57,2025-08-29 09:09:57,Machinery,4913.55,Delivered
SHP-9444122,Mcfarland LLC,Eatonstad,Meganhaven,COSCO,7932.27,4402.28,2025-09-01 00:58:45,2025-09-20 00:58:45,2025-09-19 00:58:45,Auto Parts,6097.75,Delivered
SHP-72619060,"Newman, Brennan and Valdez",Brownview,Bartlettmouth,Hapag-Lloyd,4299.31,1867.84,2025-05-08 06:57:42,2025-05-19 06:57:42,2025-05-30 06:57:42,Machinery,2602.42,Delivered
SHP-24127273,"Jenkins, Caldwell and Hughes",Bartlettmouth,Barkertown,Maersk,1106.22,658.31,2026-02-12 03:13:54,2026-02-16 03:13:54,2026-02-15 03:13:54,Medicines,752.52,Delivered
SHP-4158648,Hughes-Smith,South Jeremyborough,Eatonstad,,2592.48,1091.67,2025-10-21 15:13:17,2025-10-29 15:13:17,2025-11-07 15:13:17,Foodstuff,1203.66,Delivered
SHP-77978056,Greene-Liu,Meganhaven,Gravesmouth,MSC,9328.57,4558.54,2026-01-17 17:14:49,2026-02-07 17:14:49,2026-02-07 17:14:49,Electronics,5606.29,Delivered
SHP-28051444,Miller-Williams,Brownview,Deniseshire,Hapag-Lloyd,1028.61,2329.54,2025-07-26 03:52:47,2025-08-02 03:52:47,2025-07-31 03:52:47,Machinery,2579.71,Delivered
SHP-50259297,"Oneal, Thompson and White",Williamshire,West Stephanieborough,Maersk,1928.45,908.29,2026-02-18 19:33:52,2026-02-25 19:33:52,2026-02-25 19:33:52,Machinery,1313.4,Delivered
SHP-5220775,Clark-Lang,Williamshire,Eatonstad,Evergreen,8304.4,4973.18,2025-05-02 04:50:09,2025-05-20 04:50:09,2025-05-20 04:50:09,Chemicals,5948.52,Delivered
SHP-27691325,Miller-Williams,Lake Susan,Taylorland,Evergreen,7565.4,4227.23,2025-11-11 01:53:30,2025-11-29 01:53:30,2025-11-27 01:53:30,Electronics,4949.47,Delivered
SHP-82030275,Vaughn Inc,Barkertown,New Chase,,2643.12,1105.8,2025-12-07 07:56:25,2025-12-16 07:56:25,2025-12-14 07:56:25,Auto Parts,1550.12,Delivered
SHP-64934170,Hall-Mills,South Tiffanytown,Brownview,MSC,7378.02,3156.64,2025-07-21 06:42:11,2025-08-09 06:42:11,2025-08-22 06:42:11,Auto Parts,3731.28,Delivered
SHP-79097216,Mcbride-Gilmore,Deniseshire,Eatonstad,COSCO,3841.24,1899.39,2026-01-27 17:49:41,2026-02-05 17:49:41,2026-02-05 17:49:41,Electronics,2243.1,Delivered
SHP-10953299,Kim Ltd,Taylorland,Williamshire,,2306.39,1293.36,2025-10-28 17:41:29,2025-11-03 17:41:29,2025-11-11 17:41:29,Machinery,1683.02,Delivered
SHP-91175940,Sutton Group,New Chase,Lake Derekhaven,Evergreen,2615.22,1106.82,2025-10-05 19:23:57,2025-10-15 19:23:57,2025-10-13 19:23:57,Textiles,1297.03,Delivered
SHP-2120121,Fields-Miller,Bryanland,Eatonstad,ONE,2152.19,3713.89,2025-06-22 03:45:35,2025-07-01 03:45:35,2025-06-30 03:45:35,Chemicals,4094.46,Delivered
SHP-53659395,Morales-Williams,Eatonstad,North Johnfort,Maersk,1441.85,852.89,2025-05-16 06:34:09,2025-05-22 06:34:09,2025-05-20 06:34:09,Auto Parts,1127.35,Delivered
SHP-30351117,"Hines, Parker and Potts",Bartlettmouth,North Johnfort,Maersk,9494.08,20748.47,2025-12-04 08:18:57,2025-12-26 08:18:57,2025-12-25 08:18:57,Medicines,23747.33,Delivered
SHP-42543270,Olson-Brown,South Jeremyborough,West Joshuabury,Hapag-Lloyd,1222.41,702.32,2025-10-08 18:29:47,2025-10-12 18:29:47,2025-10-10 18:29:47,Foodstuff,786.33,Delivered
SHP-66276051,Mcbride-Gilmore,West Stephanieborough,Brownview,ONE,6083.51,2711.26,2025-07-10 09:13:22,2025-07-24 09:13:22,2025-08-05 09:13:22,Machinery,3255.2,Delivered
SHP-25511501,Olson-Brown,Gravesmouth,Lake Susan,MSC,6902.48,2944.66,2025-12-25 08:50:03,2026-01-10 08:50:03,2026-01-09 08:50:03,Foodstuff,3741.15,Delivered
SHP-34377154,Watson-Welch,South Jeremyborough,Ginatown,CMA CGM,4460.52,2050.88,2025-08-12 15:40:01,2025-08-23 15:40:01,2025-08-23 15:40:01,Foodstuff,3025.88,Delivered
SHP-79042961,Smith PLC,Ginatown,West Kara,Hapag-Lloyd,7727.18,3142.19,2025-10-14 18:48:58,2025-10-31 18:48:58,2025-10-30 18:48:58,Machinery,3548.51,Delivered
SHP-26164649,"Young, Anderson and Thompson",Bartlettmouth,South Tiffanytown,ONE,995.03,566.45,2026-02-13 13:31:12,2026-02-19 13:31:12,2026-02-25 13:31:12,Machinery,782.96,Delivered
SHP-40507039,"Newman, Brennan and Valdez",Taylorland,Lake Susan,ONE,570.13,282.7,2025-07-17 10:55:45,2025-07-22 10:55:45,2025-07-22 10:55:45,Textiles,373.59,Delivered
SHP-61593762,Mayer-Green,Ginatown,Gravesmouth,COSCO,6707.24,3443.13,2026-01-14 17:30:21,2026-02-01 17:30:21,2026-02-01 17:30:21,Machinery,4134.76,Delivered
SHP-66747619,"Jenkins, Caldwell and Hughes",Deniseshire,Barkertown,ONE,4454.45,2151.67,2025-08-26 03:02:13,2025-09-07 03:02:13,2025-09-07 03:02:13,Electronics,2892.34,Delivered
SHP-17087283,"Oneal, Thompson and White",Deniseshire,Bryanland,Evergreen,6129.58,2785.84,2026-02-12 16:04:29,2026-02-27 16:04:29,2026-02-25 16:04:29,Foodstuff,4004.31,Delivered
SHP-36078387,Chang Group,Bryanland,Brownview,MSC,1954.12,959.87,2025-05-29 17:22:29,2025-06-05 17:22:29,2025-06-05 17:22:29,Textiles,1125.6,Delivered
SHP-56609565,Leon-Gordon,South Jeremyborough,Meganhaven,Maersk,7592.59,3977.15,2025-11-11 20:50:19,2025-12-01 20:50:19,2025-12-01 20:50:19,Textiles,5129.56,Delivered
SHP-24342448,Hernandez-Edwards,West Joshuabury,Williamshire,,1108.63,486.64,2025-12-10 05:58:51,2025-12-14 05:58:51,2025-12-27 05:58:51,Foodstuff,599.25,Delivered
SHP-93674346,Bolton and Sons,Lake Derekhaven,Brownview,Evergreen,8106.46,3499.03,2025-08-13 05:45:07,2025-09-01 05:45:07,2025-09-05 05:45:07,Auto Parts,4244.5,Delivered
SHP-11205766,Bolton and Sons,Taylorland,Brownview,Hapag-Lloyd,7720.59,4198.66,2025-03-30 03:47:54,2025-04-17 03:47:54,2025-04-15 03:47:54,Textiles,6124.25,Delivered
SHP-15507439,Sutton Group,South Tiffanytown,Taylorland,,3233.54,1838.06,2025-08-23 00:54:34,2025-09-02 00:54:34,2025-09-02 00:54:34,Medicines,2097.8,Delivered
SHP-79929535,Bolton and Sons Inc,Gravesmouth,West Joshuabury,,5080.61,2113.24,2025-12-10 17:16:19,2025-12-22 17:16:19,2025-12-21 17:16:19,Auto Parts,2949.61,Delivered
SHP-36163105,Vaughn Inc,Deniseshire,New Chase,Evergreen,8058.44,3831.44,2025-11-04 00:17:14,2025-11-24 00:17:14,2025-11-30 00:17:14,Medicines,5075.77,Delivered
SHP-95559544,Mcfarland LLC,West Kara,South Jeremyborough,Maersk,2579.05,1039.02,2025-08-05 08:31:27,2025-08-12 08:31:27,2025-08-11 08:31:27,Textiles,1215.11,Delivered
SHP-30477864,"Johnson, Richardson and Obrien",Gravesmouth,Barkertown,Hapag-Lloyd,777.35,1476.41,2025-08-12 06:37:10,2025-08-16 06:37:10,2025-08-16 06:37:10,Machinery,1630.27,Delivered
SHP-61628367,Velazquez Inc,Williamshire,West Joshuabury,COSCO,3403.93,6498.54,2025-10-12 02:03:42,2025-10-20 02:03:42,2025-10-20 02:03:42,Machinery,7375.9,Delivered
SHP-94850819,Miller-Williams,Barkertown,Bryanland,COSCO,9255.54,4225.35,2026-02-03 10:13:01,2026-02-23 10:13:01,2026-02-23 10:13:01,Medicines,4883.16,Delivered
SHP-84360576,Miller-Williams,Ginatown,Bryanland,Hapag-Lloyd,3760.36,1693.86,2025-03-23 06:22:54,2025-04-01 06:22:54,2025-04-01 06:22:54,Foodstuff,2361.7,Delivered
SHP-43267184,"Smith, Bowers and Kim",North Johnfort,Williamshire,Evergreen,9245.2,4844.98,2025-04-06 11:11:42,2025-04-27 11:11:42,2025-04-27 11:11:42,Medicines,5739.88,Delivered
SHP-25089710,Quinn-Dixon,Lake Derekhaven,Bryanland,ONE,3065.48,5699.84,2025-09-22 17:39:00,2025-10-01 17:39:00,2025-09-29 17:39:00,Textiles,6599.47,Delivered
SHP-875543,Pope Inc,Bartlettmouth,Lake Susan,MSC,8239.06,4546.51,2025-12-14 01:04:21,2026-01-04 01:04:21,2026-01-03 01:04:21,Electronics,5296.77,Delivered
SHP-73220411,Vaughn Inc,Eatonstad,Bryanland,MSC,4054.04,1872.06,2025-07-21 23:28:11,2025-08-02 23:28:11,2025-07-31 23:28:11,Electronics,2323.39,Delivered
SHP-22777380,Kim Ltd,Meganhaven,Deniseshire,Evergreen,1714.07,965.52,2025-08-30 07:28:09,2025-09-07 07:28:09,2025-09-07 07:28:09,Machinery,1100.12,Delivered
SHP-5025812,Cooper-Erickson,West Joshuabury,Lake Susan,Maersk,6477.95,3453.02,2026-02-26 23:05:24,2026-03-15 23:05:24,2026-03-19 23:05:24,Machinery,4452.47,Delivered
SHP-11047026,Pope Inc,Lake Susan,West Kara,CMA CGM,5542.17,3322.67,2026-03-02 10:16:59,2026-03-18 10:16:59,2026-03-17 10:16:59,Electronics,4321.45,Delivered
SHP-63485214,Sutton Group Inc,Lake Derekhaven,Meganhaven,ONE,8322.98,4180.01,2025-07-09 16:39:41,2025-07-30 16:39:41,2025-08-10 16:39:41,Electronics,5374.1,Delivered
SHP-79828147,"Johnson, Richardson and Obrien",North Johnfort,Gravesmouth,Evergreen,9948.09,5111.12,2026-02-17 00:35:36,2026-03-12 00:35:36,2026-03-24 00:35:36,Foodstuff,6797.12,Delivered
SHP-81880222,Adams-Dyer,Bryanland,New Chase,Maersk,8788.12,4226.22,2026-03-01 01:39:38,2026-03-22 01:39:38,2026-03-21 01:39:38,Machinery,6048.97,Delivered
SHP-36538938,Weiss Inc,West Kara,Deniseshire,Maersk,856.4,501.0,2025-10-19 01:37:24,2025-10-22 01:37:24,2025-10-25 01:37:24,Medicines,710.28,Delivered
SHP-74178898,Fields-Miller,Meganhaven,West Stephanieborough,COSCO,3272.3,1857.65,2025-08-04 23:32:55,2025-08-14 23:32:55,2025-08-14 23:32:55,Textiles,2525.4,Delivered
SHP-19384236,"Smith, Bowers and Kim",Lake Derekhaven,Bartlettmouth,ONE,7495.07,16557.88,2025-05-24 22:45:23,2025-06-12 22:45:23,2025-06-24 22:45:23,Electronics,18805.9,Delivered
SHP-2232878,Velazquez Inc,Gravesmouth,Lake Derekhaven,Hapag-Lloyd,8930.73,3633.3,2025-07-15 20:22:08,2025-08-03 20:22:08,2025-08-02 20:22:08,Textiles,4463.57,Delivered
SHP-86781306,Fields-Miller,West Kara,Brownview,ONE,6253.57,2571.05,2025-03-17 02:58:50,2025-03-31 02:58:50,2025-03-31 02:58:50,Foodstuff,3512.58,Delivered
SHP-87568723,"Young, Anderson and Thompson",Williamshire,Bartlettmouth,CMA CGM,2193.24,1268.48,2025-12-19 18:48:16,2025-12-26 18:48:16,2025-12-26 18:48:16,Medicines,1477.2,Delivered
SHP-41755339,"Smith, Bowers and Kim Inc",South Jeremyborough,Bryanland,Maersk,5634.03,2488.98,2025-09-02 00:53:48,2025-09-15 00:53:48,2025-09-15 00:53:48,Machinery,2849.15,Delivered
SHP-81439720,Kim Ltd Inc,South Jeremyborough,West Kara,COSCO,1016.24,497.25,2025-07-10 05:55:38,2025-07-15 05:55:38,2025-07-15 05:55:38,Chemicals,562.72,Delivered
SHP-59167836,Smith PLC,West Joshuabury,Gravesmouth,COSCO,1083.7,438.53,2025-12-29 01:41:48,2026-01-03 01:41:48,2026-01-01 01:41:48,Chemicals,492.49,Delivered
SHP-90721440,"Black, Smith and Wright",Deniseshire,Barkertown,CMA CGM,3368.77,1871.09,2025-06-11 17:22:53,2025-06-19 17:22:53,2025-06-19 17:22:53,Foodstuff,2558.53,Delivered
SHP-94084898,"Young, Anderson and Thompson Inc",New Chase,West Kara,Evergreen,5152.29,2510.65,2025-09-11 01:36:48,2025-09-23 01:36:48,2025-09-23 01:36:48,Machinery,3106.92,Delivered
SHP-49018510,Gomez-Frost Inc,Eatonstad,Brownview,ONE,9192.68,5165.18,2025-05-14 20:25:11,2025-06-03 20:25:11,2025-06-03 20:25:11,Chemicals,6245.16,Delivered
SHP-21362433,Olson-Brown,Gravesmouth,Taylorland,ONE,4432.01,2402.31,2025-04-18 12:16:48,2025-04-30 12:16:48,2025-04-29 12:16:48,Machinery,2855.0,Delivered
SHP-85886983,Martin-Taylor,Meganhaven,Gravesmouth,Evergreen,1832.17,1069.45,2025-08-21 13:19:11,2025-08-27 13:19:11,2025-08-26 13:19:11,Electronics,1426.48,Delivered
SHP-49110607,Kim Ltd,South Tiffanytown,West Stephanieborough,ONE,1553.09,857.67,2025-07-18 01:54:48,2025-07-23 01:54:48,2025-07-21 01:54:48,Chemicals,969.73,Delivered
SHP-85255258,Reese Ltd,Bryanland,Meganhaven,ONE,4640.23,2698.6,2025-08-16 21:21:58,2025-08-27 21:21:58,2025-08-25 21:21:58,Machinery,3833.92,Delivered
SHP-45412237,Olson-Brown,Bryanland,Gravesmouth,Evergreen,3298.99,1797.08,2025-11-18 07:26:52,2025-11-26 07:26:52,2025-11-24 07:26:52,Machinery,2003.89,Delivered
SHP-91851302,"Newman, Brennan and Valdez",Barkertown,Eatonstad,CMA CGM,6133.89,3461.57,2025-06-01 11:01:03,2025-06-16 11:01:03,2025-06-24 11:01:03,Medicines,4064.89,Delivered
SHP-16277920,"Campbell, Owen and Marquez",South Jeremyborough,West Stephanieborough,Hapag-Lloyd,4166.28,2375.26,2025-04-27 20:18:01,2025-05-10 20:18:01,2025-05-09 20:18:01,Machinery,3160.12,Delivered
SHP-59335291,"Hines, Parker and Potts",Gravesmouth,Taylorland,Hapag-Lloyd,3218.04,1794.24,2025-08-06 01:54:17,2025-08-17 01:54:17,2025-08-16 01:54:17,Chemicals,2409.44,Delivered
SHP-60371243,Pope Inc,Bartlettmouth,South Jeremyborough,Evergreen,1234.35,690.66,2026-03-03 03:12:59,2026-03-09 03:12:59,2026-03-07 03:12:59,Auto Parts,1001.56,Delivered
SHP-81249009,Mayer-Green,Bartlettmouth,West Stephanieborough,Maersk,2598.29,1317.53,2025-12-01 18:59:53,2025-12-09 18:59:53,2025-12-07 18:59:53,Foodstuff,1784.95,Delivered
SHP-57447578,Bolton and Sons,Taylorland,West Joshuabury,Hapag-Lloyd,1960.97,1059.35,2025-04-08 17:15:24,2025-04-16 17:15:24,2025-04-16 17:15:24,Electronics,1198.46,Delivered
SHP-8963938,"Smith, Bowers and Kim",New Chase,Lake Derekhaven,Evergreen,9778.25,4070.5,2025-07-05 10:45:03,2025-07-28 10:45:03,2025-07-26 10:45:03,Chemicals,4962.48,Delivered
SHP-79295292,Olson-Brown,Gravesmouth,Brownview,CMA CGM,3296.48,7554.69,2025-09-03 12:01:08,2025-09-14 12:01:08,2025-09-13 12:01:08,Machinery,9275.67,Delivered
SHP-4219971,"Young, Whitehead and Smith",Bryanland,West Stephanieborough,Evergreen,8688.54,4140.58,2025-12-20 22:56:50,2026-01-10 22:56:50,2026-01-20 22:56:50,Machinery,4965.64,Delivered
SHP-99504033,Mayer-Green,West Stephanieborough,Brownview,ONE,6638.18,3294.59,2025-05-08 12:15:58,2025-05-23 12:15:58,2025-05-23 12:15:58,Foodstuff,4940.75,Delivered
SHP-96893610,Velazquez Inc,West Joshuabury,Eatonstad,ONE,8089.49,3342.08,2025-06-12 15:00:30,2025-07-02 15:00:30,2025-07-03 15:00:30,Textiles,4190.03,Delivered
SHP-55815812,Mcbride-Gilmore,Bryanland,Meganhaven,Evergreen,2666.73,1254.39,2025-10-28 04:55:12,2025-11-04 04:55:12,2025-11-07 04:55:12,Foodstuff,1700.11,Delivered
SHP-67022961,Velazquez Inc,Bryanland,Lake Derekhaven,Maersk,6755.77,2743.04,2025-12-20 20:29:58,2026-01-05 20:29:58,2026-01-05 20:29:58,Textiles,4078.45,Delivered
SHP-23545385,Hughes-Smith,Barkertown,Williamshire,Maersk,7719.93,4529.04,2025-10-10 12:15:04,2025-10-30 12:15:04,2025-10-28 12:15:04,Machinery,6392.1,Delivered
SHP-18695506,Bolton and Sons,Barkertown,Brownview,Maersk,1515.52,3262.9,2025-11-28 19:45:34,2025-12-04 19:45:34,2025-12-03 19:45:34,Machinery,4829.14,Delivered
SHP-72144068,Pope Inc,West Kara,South Jeremyborough,Evergreen,6155.96,2741.25,2025-10-15 15:38:00,2025-10-31 15:38:00,2025-10-31 15:38:00,Foodstuff,3777.94,Delivered
SHP-54721103,"Hines, Parker and Potts",North Johnfort,Meganhaven,MSC,7970.97,4007.79,2025-09-05 09:46:31,2025-09-23 09:46:31,2025-09-21 09:46:31,Textiles,4472.65,Delivered
SHP-81942641,"Elliott, Sutton and Jackson Inc",South Jeremyborough,North Johnfort,Maersk,6208.64,2998.06,2025-11-08 02:01:52,2025-11-22 02:01:52,2025-11-27 02:01:52,Auto Parts,4053.15,Delivered
SHP-67456006,Morales-Williams,Ginatown,West Stephanieborough,COSCO,3500.09,1413.09,2025-05-21 18:07:56,2025-06-02 18:07:56,2025-06-11 18:07:56,Foodstuff,1933.61,Delivered
SHP-37450089,"Newman, Brennan and Valdez",Barkertown,Brownview,ONE,850.25,381.21,2025-08-31 23:10:40,2025-09-04 23:10:40,2025-09-12 23:10:40,Machinery,570.22,Delivered
SHP-31393570,"Black, Smith and Wright",Brownview,Eatonstad,ONE,7897.02,4319.21,2025-05-30 13:00:03,2025-06-18 13:00:03,2025-06-16 13:00:03,Electronics,4774.32,Delivered
SHP-24018268,Quinn-Dixon,West Joshuabury,Brownview,Hapag-Lloyd,5582.72,3076.9,2025-07-17 05:01:50,2025-07-31 05:01:50,2025-07-29 05:01:50,Auto Parts,3385.07,Delivered
SHP-64368310,Reese Ltd,Deniseshire,West Kara,CMA CGM,3579.57,1684.47,2025-05-03 18:56:42,2025-05-13 18:56:42,2025-05-19 18:56:42,Foodstuff,2475.85,Delivered
SHP-91631328,Chang Group,South Tiffanytown,Williamshire,Evergreen,4175.4,1802.51,2025-06-08 19:34:11,2025-06-18 19:34:11,2025-06-26 19:34:11,Textiles,2663.14,Delivered
SHP-88222431,Reese Ltd,West Stephanieborough,West Kara,Evergreen,9644.97,5682.28,2025-09-21 07:29:16,2025-10-12 07:29:16,2025-10-19 07:29:16,Machinery,7036.46,Delivered
SHP-30218552,Mayer-Green,Lake Derekhaven,Williamshire,Hapag-Lloyd,7949.17,3196.53,2025-06-30 12:42:11,2025-07-18 12:42:11,2025-07-16 12:42:11,Medicines,4177.56,Delivered
SHP-76011934,Chang Group,West Stephanieborough,North Johnfort,ONE,3205.35,1779.83,2025-04-25 06:14:31,2025-05-04 06:14:31,2025-05-03 06:14:31,Chemicals,2269.14,Delivered
SHP-22791703,Rogers-Hammond,South Tiffanytown,Taylorland,MSC,790.63,451.85,2026-01-18 19:33:55,2026-01-21 19:33:55,2026-01-19 19:33:55,Machinery,597.24,Delivered
SHP-44370653,Watson-Welch,Gravesmouth,South Tiffanytown,Hapag-Lloyd,8456.98,3517.36,2025-09-03 01:10:33,2025-09-23 01:10:33,2025-09-22 01:10:33,Textiles,4320.07,Delivered
SHP-38989649,Hughes-Smith Inc,Bryanland,Lake Susan,ONE,4188.49,1821.59,2026-01-02 10:19:06,2026-01-15 10:19:06,2026-01-13 10:19:06,Machinery,2330.46,Delivered
SHP-69851086,Castro-Larson Inc,Lake Derekhaven,Deniseshire,,1215.19,557.44,2025-05-17 17:49:58,2025-05-21 17:49:58,2025-05-20 17:49:58,Medicines,721.07,Delivered
SHP-28613243,Reese Ltd,Brownview,North Johnfort,COSCO,6835.67,3720.57,2025-08-16 22:12:59,2025-08-31 22:12:59,2025-08-30 22:12:59,Textiles,4163.33,Delivered
SHP-84860306,Mcbride-Gilmore Inc,Bryanland,Brownview,Maersk,8187.3,3279.65,2025-12-30 14:55:03,2026-01-18 14:55:03,2026-01-17 14:55:03,Auto Parts,4295.63,Delivered
SHP-56313355,Watson-Welch,Ginatown,Williamshire,ONE,3235.27,1325.79,2025-04-12 22:00:48,2025-04-23 22:00:48,2025-04-23 22:00:48,Chemicals,1637.53,Delivered
SHP-291450,Mcbride-Gilmore,Bartlettmouth,Deniseshire,Maersk,1974.42,1163.72,2026-01-06 16:05:49,2026-01-12 16:05:49,2026-01-12 16:05:49,Machinery,1657.78,Delivered
SHP-80985108,Gomez-Frost,West Kara,Williamshire,COSCO,4090.62,1669.18,2026-02-09 20:47:44,2026-02-20 20:47:44,2026-03-04 20:47:44,Foodstuff,2371.75,Delivered
SHP-67970720,Vaughn Inc,Taylorland,West Stephanieborough,Maersk,5564.77,3145.3,2026-02-08 12:23:41,2026-02-24 12:23:41,2026-03-04 12:23:41,Chemicals,3686.82,Delivered
SHP-99901596,Chang Group,Williamshire,Brownview,COSCO,3280.32,1657.29,2025-03-30 19:49:14,2025-04-09 19:49:14,2025-04-07 19:49:14,Machinery,2327.15,Delivered
SHP-42311609,Watson-Welch,Ginatown,Deniseshire,Maersk,2651.32,1428.07,2025-05-30 20:43:24,2025-06-07 20:43:24,2025-06-14 20:43:24,Machinery,1804.42,Delivered
SHP-71541091,Bailey LLC,Taylorland,Williamshire,Evergreen,2917.93,1466.52,2026-03-04 23:26:25,2026-03-11 23:26:25,2026-03-09 23:26:25,Machinery,2127.56,Delivered
SHP-36257306,"Young, Whitehead and Smith",Lake Derekhaven,West Joshuabury,ONE,8844.74,4892.75,2025-10-09 16:21:10,2025-10-31 16:21:10,2025-10-29 16:21:10,Medicines,6470.8,Delivered
SHP-48641031,Mcbride-Gilmore,North Johnfort,West Joshuabury,Hapag-Lloyd,5574.78,2437.17,2025-11-22 06:27:55,2025-12-08 06:27:55,2025-12-07 06:27:55,Auto Parts,2940.6,Delivered
SHP-4778097,"Hines, Parker and Potts",Eatonstad,South Jeremyborough,Hapag-Lloyd,577.5,1047.17,2025-06-16 20:07:32,2025-06-21 20:07:32,2025-07-01 20:07:32,Foodstuff,1388.13,Delivered
SHP-6920931,"Campbell, Owen and Marquez",Brownview,Bryanland,Hapag-Lloyd,5463.91,3264.77,2026-02-03 22:02:52,2026-02-16 22:02:52,2026-02-14 22:02:52,Electronics,3614.15,Delivered
SHP-10026379,"Smith, Bowers and Kim",Ginatown,Bryanland,COSCO,5652.13,3324.85,2025-05-15 03:15:46,2025-05-31 03:15:46,2025-05-31 03:15:46,Foodstuff,4113.56,Delivered
SHP-42576110,Miller-Williams,New Chase,Deniseshire,COSCO,7495.44,3990.42,2025-04-18 15:05:02,2025-05-05 15:05:02,2025-05-04 15:05:02,Auto Parts,4420.12,Delivered
SHP-11531895,Adams-Dyer,West Joshuabury,Taylorland,ONE,7249.62,3062.74,2025-12-25 08:04:51,2026-01-12 08:04:51,2026-01-14 08:04:51,Chemicals,4470.74,Delivered
SHP-77179845,Miller-Downs,South Tiffanytown,Ginatown,Evergreen,1202.26,490.31,2025-04-30 08:56:30,2025-05-05 08:56:30,2025-05-04 08:56:30,Medicines,579.05,Delivered
SHP-18069348,Wyatt-Peterson,New Chase,Ginatown,,9359.33,3949.35,2025-09-21 06:59:32,2025-10-14 06:59:32,2025-10-13 06:59:32,Textiles,4428.99,Delivered
SHP-71388002,"Hines, Parker and Potts",West Joshuabury,Ginatown,COSCO,6581.02,14919.17,2025-05-23 16:04:02,2025-06-08 16:04:02,2025-06-06 16:04:02,Medicines,19461.6,Delivered
SHP-47958178,Fields-Miller,Williamshire,Lake Susan,COSCO,5275.06,2684.15,2025-10-17 06:42:42,2025-11-01 06:42:42,2025-11-02 06:42:42,Chemicals,3425.03,Delivered
SHP-52659559,Olson-Brown,Bartlettmouth,West Kara,COSCO,2913.85,1338.15,2026-02-09 17:11:23,2026-02-16 17:11:23,2026-02-14 17:11:23,Machinery,1564.64,Delivered
SHP-60375766,"Newman, Brennan and Valdez",Meganhaven,Eatonstad,Evergreen,1909.22,845.41,2025-09-14 04:03:09,2025-09-20 04:03:09,2025-09-20 04:03:09,Chemicals,931.05,Delivered
SHP-70887421,"Oneal, Thompson and White",Bartlettmouth,Williamshire,Evergreen,4983.84,1995.09,2025-10-13 07:29:07,2025-10-26 07:29:07,2025-10-25 07:29:07,Electronics,2241.96,Delivered
SHP-68001634,"Elliott, Sutton and Jackson",Lake Derekhaven,South Jeremyborough,Maersk,4984.43,2299.74,2025-07-07 17:15:56,2025-07-18 17:15:56,2025-07-26 17:15:56,Electronics,3022.69,Delivered
SHP-55360224,Smith PLC Inc,Barkertown,Lake Susan,CMA CGM,1873.93,826.34,2025-09-19 01:09:54,2025-09-24 01:09:54,2025-09-22 01:09:54,Foodstuff,1218.29,Delivered
SHP-81589536,"Johnson, Richardson and Obrien",South Jeremyborough,South Tiffanytown,CMA CGM,8421.55,3844.54,2025-06-03 01:23:45,2025-06-22 01:23:45,2025-06-21 01:23:45,Textiles,4271.08,Delivered
SHP-36496010,Hughes-Smith,Bartlettmouth,North Johnfort,Hapag-Lloyd,743.21,389.9,2025-11-26 18:39:00,2025-11-29 18:39:00,2025-11-27 18:39:00,Foodstuff,512.46,Delivered
SHP-43415389,"Oneal, Thompson and White",Bartlettmouth,New Chase,Evergreen,5359.38,8472.96,2025-10-18 20:06:56,2025-11-01 20:06:56,2025-11-01 20:06:56,Foodstuff,11999.53,Delivered
SHP-20623300,Martin-Taylor,South Tiffanytown,West Kara,COSCO,8060.36,3577.1,2026-02-04 11:16:09,2026-02-24 11:16:09,2026-03-06 11:16:09,Medicines,4900.86,Delivered
SHP-40650928,Wyatt-Peterson,Eatonstad,Meganhaven,MSC,6884.3,4091.06,2025-11-16 04:49:19,2025-12-03 04:49:19,2025-12-08 04:49:19,Foodstuff,5161.06,Delivered
SHP-56005966,"Mendez, Mueller and Lee",South Tiffanytown,North Johnfort,ONE,1013.84,1795.13,2025-12-11 07:15:18,2025-12-15 07:15:18,2025-12-23 07:15:18,Machinery,2337.53,Delivered
SHP-90312986,"Campbell, Owen and Marquez",Williamshire,West Stephanieborough,Evergreen,8561.05,4217.76,2025-03-27 13:07:01,2025-04-17 13:07:01,2025-04-17 13:07:01,Textiles,5954.69,Delivered
SHP-39279517,Bolton and Sons,Brownview,Lake Susan,ONE,2835.53,1174.41,2025-06-19 05:30:44,2025-06-28 05:30:44,2025-06-26 05:30:44,Foodstuff,1576.44,Delivered
SHP-88223006,"Johnson, Richardson and Obrien",South Jeremyborough,South Tiffanytown,Hapag-Lloyd,2565.95,4397.45,2026-02-21 03:08:38,2026-03-02 03:08:38,2026-03-07 03:08:38,Machinery,5492.72,Delivered
SHP-3247987,"Newman, Brennan and Valdez",Ginatown,West Kara,CMA CGM,931.97,490.37,2026-02-20 21:35:29,2026-02-25 21:35:29,2026-03-10 21:35:29,Foodstuff,619.69,Delivered
SHP-92954070,"Oneal, Thompson and White",Lake Derekhaven,Eatonstad,CMA CGM,5118.91,2670.45,2025-12-11 23:42:45,2025-12-23 23:42:45,2025-12-21 23:42:45,Electronics,3836.02,Delivered
SHP-77202981,"Young, Whitehead and Smith",South Tiffanytown,Gravesmouth,COSCO,815.69,1339.2,2026-02-25 21:52:20,2026-03-01 21:52:20,2026-03-01 21:52:20,Chemicals,1561.13,Delivered
SHP-66615210,"Campbell, Owen and Marquez",Lake Derekhaven,South Jeremyborough,Hapag-Lloyd,6395.21,3344.84,2025-10-04 11:56:41,2025-10-21 11:56:41,2025-10-19 11:56:41,Foodstuff,4008.78,Delivered
SHP-6433209,Rogers-Hammond,Lake Derekhaven,South Tiffanytown,ONE,5713.85,3001.96,2025-10-12 21:11:22,2025-10-28 21:11:22,2025-10-27 21:11:22,Chemicals,3639.07,Delivered
SHP-76990525,Adams-Dyer,North Johnfort,West Joshuabury,MSC,5511.78,2951.14,2025-04-21 14:06:27,2025-05-05 14:06:27,2025-05-07 14:06:27,Textiles,3954.21,Delivered
SHP-28179813,Miller-Downs,Eatonstad,Ginatown,MSC,9642.77,4979.66,2025-09-17 10:21:35,2025-10-09 10:21:35,2025-10-09 10:21:35,Foodstuff,5614.47,Delivered
SHP-65966771,"Johnson, Richardson and Obrien",Ginatown,West Stephanieborough,MSC,1599.93,775.61,2025-12-05 08:33:50,2025-12-13 08:33:50,2025-12-12 08:33:50,Medicines,1064.5,Delivered
SHP-61337506,Weiss Inc,North Johnfort,Brownview,COSCO,4364.82,2498.27,2025-08-17 13:15:48,2025-08-30 13:15:48,2025-08-30 13:15:48,Medicines,2800.25,Delivered
SHP-67573502,Mcfarland LLC,West Joshuabury,Ginatown,MSC,3876.52,2105.0,2026-01-16 15:36:26,2026-01-26 15:36:26,2026-01-25 15:36:26,Textiles,3091.83,Delivered
SHP-44524333,Hughes-Smith,Ginatown,North Johnfort,MSC,804.8,344.78,2025-11-24 01:05:46,2025-11-27 01:05:46,2025-11-27 01:05:46,Electronics,455.26,Delivered
SHP-27554202,Reese Ltd,Bryanland,Eatonstad,COSCO,1348.67,643.52,2025-12-06 22:09:18,2025-12-10 22:09:18,2025-12-19 22:09:18,Textiles,875.01,Delivered
SHP-92861359,"Mendez, Mueller and Lee Inc",Barkertown,Lake Susan,Maersk,4087.49,2422.23,2025-05-17 03:46:25,2025-05-28 03:46:25,2025-06-05 03:46:25,Medicines,2820.82,Delivered
SHP-26443565,Williams Inc,New Chase,Williamshire,CMA CGM,7529.07,3464.48,2025-12-04 00:00:55,2025-12-24 00:00:55,2025-12-22 00:00:55,Auto Parts,3990.51,Delivered
SHP-38144510,Quinn-Dixon,New Chase,North Johnfort,ONE,3843.42,1855.1,2025-05-11 16:44:21,2025-05-21 16:44:21,2025-05-21 16:44:21,Foodstuff,2266.99,Delivered
SHP-83542578,Velazquez Inc,Brownview,Bryanland,CMA CGM,7401.99,3829.9,2025-05-11 03:55:08,2025-05-28 03:55:08,2025-05-28 03:55:08,Machinery,4369.67,Delivered
SHP-33628369,Leon-Gordon,Bartlettmouth,Barkertown,COSCO,3336.56,1975.45,2025-12-22 03:44:38,2025-12-31 03:44:38,2025-12-30 03:44:38,Machinery,2720.91,Delivered
SHP-73902645,Martin-Taylor,South Tiffanytown,West Joshuabury,Hapag-Lloyd,5757.27,2887.62,2025-05-28 08:11:36,2025-06-13 08:11:36,2025-06-25 08:11:36,Machinery,4043.44,Delivered
SHP-52927851,Martin-Taylor,South Tiffanytown,Brownview,COSCO,1678.81,3131.8,2025-11-24 15:56:18,2025-12-01 15:56:18,2025-11-29 15:56:18,Machinery,4527.89,Delivered
SHP-65237814,"Campbell, Owen and Marquez",Lake Derekhaven,South Tiffanytown,MSC,5223.47,2539.03,2025-06-25 20:25:45,2025-07-10 20:25:45,2025-07-10 20:25:45,Medicines,3710.27,Delivered
SHP-29879035,"Young, Anderson and Thompson",Eatonstad,South Jeremyborough,COSCO,9268.04,4277.89,2025-05-14 21:10:41,2025-06-03 21:10:41,2025-06-03 21:10:41,Auto Parts,4922.75,Delivered
SHP-14835941,"Murphy, Johnson and Turner",New Chase,West Kara,Maersk,1251.37,613.19,2025-03-14 17:13:47,2025-03-19 17:13:47,2025-03-19 17:13:47,Auto Parts,888.0,Delivered
SHP-18139214,Hernandez-Edwards,Bryanland,New Chase,Evergreen,9420.28,19286.81,2025-11-14 02:47:34,2025-12-05 02:47:34,2025-12-18 02:47:34,Textiles,26088.58,Delivered
SHP-29831141,Miller-Downs,Deniseshire,West Stephanieborough,COSCO,1523.86,889.43,2026-01-29 07:31:55,2026-02-06 07:31:55,2026-02-04 07:31:55,Textiles,1107.96,Delivered
SHP-47739650,Watson-Welch,Barkertown,Ginatown,,5620.27,2542.26,2025-09-25 07:06:43,2025-10-08 07:06:43,2025-10-07 07:06:43,Chemicals,3609.64,Delivered
SHP-75862213,"Anderson, Miller and Johnson",Lake Derekhaven,Taylorland,MSC,4484.38,2137.17,2025-12-23 09:21:33,2026-01-03 09:21:33,2026-01-03 09:21:33,Foodstuff,2575.69,Delivered
SHP-71735577,"Elliott, Sutton and Jackson",Lake Susan,Deniseshire,,6082.83,10874.6,2025-06-10 04:57:00,2025-06-26 04:57:00,2025-06-24 04:57:00,Electronics,15909.54,Delivered
SHP-72478378,Morales-Williams,South Jeremyborough,Lake Susan,CMA CGM,5860.89,3486.63,2026-03-01 22:53:35,2026-03-16 22:53:35,2026-03-16 22:53:35,Auto Parts,4512.5,Delivered
SHP-30041067,Miller-Downs,Brownview,South Tiffanytown,COSCO,5361.59,2238.18,2025-08-28 12:47:46,2025-09-12 12:47:46,2025-09-12 12:47:46,Auto Parts,2535.74,Delivered
SHP-27664643,Cooper-Erickson,Taylorland,South Tiffanytown,Evergreen,669.39,268.89,2026-02-26 07:57:23,2026-03-01 07:57:23,2026-02-27 07:57:23,Electronics,382.39,Delivered
SHP-49922128,"Murphy, Johnson and Turner",Barkertown,New Chase,ONE,4369.6,1935.84,2025-04-22 02:18:53,2025-05-03 02:18:53,2025-05-02 02:18:53,Electronics,2655.4,Delivered
SHP-72028390,Clark-Lang,West Kara,Deniseshire,Hapag-Lloyd,6910.03,3253.96,2025-05-18 02:37:32,2025-06-02 02:37:32,2025-06-10 02:37:32,Electronics,4350.35,Delivered
SHP-20436745,Gomez-Frost,Brownview,Eatonstad,Maersk,6395.3,2884.25,2025-07-17 14:38:52,2025-07-31 14:38:52,2025-07-31 14:38:52,Textiles,3194.71,Delivered
SHP-61787834,Bailey LLC,Eatonstad,West Kara,MSC,9453.47,5195.1,2025-07-30 12:09:29,2025-08-22 12:09:29,2025-08-20 12:09:29,Medicines,5945.66,Delivered
SHP-39566408,Weiss Inc,South Tiffanytown,Barkertown,ONE,8765.34,4070.6,2025-07-24 11:42:10,2025-08-12 11:42:10,2025-08-11 11:42:10,Medicines,5202.66,Delivered
SHP-30087575,Rogers-Hammond,North Johnfort,Barkertown,ONE,4488.97,2119.32,2025-08-08 21:43:04,2025-08-18 21:43:04,2025-08-17 21:43:04,Medicines,3145.57,Delivered
SHP-60449128,Quinn-Dixon Inc,Taylorland,Deniseshire,MSC,6305.23,3440.43,2026-03-03 14:36:15,2026-03-18 14:36:15,2026-03-16 14:36:15,Textiles,4001.68,Delivered
SHP-18997151,Rogers-Hammond,Eatonstad,Bartlettmouth,,8565.96,4970.48,2025-05-25 19:41:12,2025-06-16 19:41:12,2025-06-16 19:41:12,Medicines,6477.43,Delivered
SHP-20211883,"Johnson, Richardson and Obrien",Taylorland,North Johnfort,CMA CGM,8623.91,5046.92,2025-06-10 22:21:25,2025-07-01 22:21:25,2025-07-13 22:21:25,Textiles,6536.12,Delivered
SHP-12250848,Velazquez Inc,Brownview,Bartlettmouth,MSC,2354.92,1302.89,2025-10-09 17:57:05,2025-10-18 17:57:05,2025-10-28 17:57:05,Foodstuff,1785.27,Delivered
SHP-63368559,Velazquez Inc,Bryanland,Deniseshire,COSCO,5440.26,2688.27,2025-10-01 16:40:06,2025-10-14 16:40:06,2025-10-13 16:40:06,Auto Parts,2970.85,Delivered
SHP-36194564,"Anderson, Miller and Johnson",South Jeremyborough,South Tiffanytown,ONE,6062.71,3490.48,2025-09-21 22:25:58,2025-10-06 22:25:58,2025-10-05 22:25:58,Chemicals,4839.89,Delivered
SHP-93666272,Clark-Lang,West Kara,West Joshuabury,ONE,5135.46,11560.98,2025-07-02 02:35:52,2025-07-15 02:35:52,2025-07-14 02:35:52,Machinery,16910.94,Delivered
SHP-51042000,Rogers-Hammond,South Tiffanytown,Lake Derekhaven,CMA CGM,1883.06,852.03,2025-07-14 09:13:27,2025-07-20 09:13:27,2025-07-19 09:13:27,Chemicals,996.7,Delivered
SHP-40483656,"Anderson, Miller and Johnson",West Joshuabury,West Stephanieborough,Evergreen,6364.45,3554.02,2025-11-19 03:00:45,2025-12-06 03:00:45,2025-12-04 03:00:45,Textiles,4755.6,Delivered
SHP-49471475,Cooper-Erickson,Barkertown,Meganhaven,Hapag-Lloyd,6511.39,3544.88,2025-03-16 01:37:07,2025-03-31 01:37:07,2025-04-06 01:37:07,Auto Parts,5247.31,Delivered
SHP-99681310,Adams-Dyer,Ginatown,Bartlettmouth,Maersk,8371.89,4023.52,2026-02-22 11:58:21,2026-03-13 11:58:21,2026-03-12 11:58:21,Medicines,4443.03,Delivered
SHP-8400474,Leon-Gordon,Ginatown,Brownview,Maersk,7920.23,4659.86,2026-01-20 02:54:14,2026-02-06 02:54:14,2026-02-06 02:54:14,Auto Parts,6507.27,Delivered
SHP-52432889,Adams-Dyer,South Tiffanytown,Ginatown,COSCO,9341.47,4453.3,2025-06-14 11:02:39,2025-07-05 11:02:39,2025-07-05 11:02:39,Textiles,5660.18,Delivered
SHP-35599760,Rogers-Hammond,Eatonstad,Gravesmouth,Maersk,6390.98,3810.35,2025-07-09 11:30:38,2025-07-25 11:30:38,2025-07-24 11:30:38,Foodstuff,5458.71,Delivered
SHP-82896353,Gomez-Frost,Lake Derekhaven,Ginatown,CMA CGM,5593.82,2998.32,2025-09-13 14:53:04,2025-09-28 14:53:04,2025-09-27 14:53:04,Foodstuff,4294.69,Delivered
SHP-5166742,Watson-Welch,Gravesmouth,Lake Derekhaven,,7194.38,2940.21,2025-12-22 19:16:53,2026-01-07 19:16:53,2026-01-16 19:16:53,Auto Parts,3432.31,Delivered
SHP-66505547,"Smith, Bowers and Kim",Gravesmouth,North Johnfort,COSCO,8546.07,3842.27,2025-07-05 17:20:05,2025-07-27 17:20:05,2025-08-05 17:20:05,Chemicals,4409.41,Delivered
SHP-67102811,"Anderson, Miller and Johnson",South Tiffanytown,New Chase,,7237.61,12866.96,2025-05-28 06:02:07,2025-06-13 06:02:07,2025-06-12 06:02:07,Auto Parts,16614.58,Delivered
SHP-21756593,Martin-Taylor,Barkertown,Ginatown,,711.64,346.99,2025-07-25 12:34:35,2025-07-28 12:34:35,2025-07-26 12:34:35,Machinery,511.85,Delivered
SHP-2407124,"Mendez, Mueller and Lee",West Joshuabury,Brownview,Maersk,4414.52,1964.19,2025-11-07 19:39:27,2025-11-19 19:39:27,2025-11-19 19:39:27,Auto Parts,2499.98,Delivered
SHP-44686650,Mcbride-Gilmore,Bryanland,Ginatown,ONE,8964.2,3591.61,2026-01-30 13:52:18,2026-02-20 13:52:18,2026-02-19 13:52:18,Machinery,4324.31,Delivered
SHP-51452531,Kim Ltd,West Joshuabury,Deniseshire,Hapag-Lloyd,8752.64,4167.28,2025-05-29 12:18:42,2025-06-20 12:18:42,2025-06-20 12:18:42,Medicines,6192.9,Delivered
SHP-41649147,Sutton Group,Brownview,Barkertown,CMA CGM,2230.88,3702.48,2025-08-09 23:16:10,2025-08-17 23:16:10,2025-08-22 23:16:10,Chemicals,4728.22,Delivered
SHP-13248009,Bailey LLC,Bartlettmouth,North Johnfort,Evergreen,1298.26,545.29,2026-01-06 20:56:52,2026-01-13 20:56:52,2026-01-11 20:56:52,Medicines,702.37,Delivered
SHP-19976369,Leon-Gordon,North Johnfort,West Stephanieborough,COSCO,4597.94,2420.15,2025-04-12 19:52:38,2025-04-24 19:52:38,2025-04-23 19:52:38,Auto Parts,2800.9,Delivered
SHP-34304057,"Hines, Parker and Potts",Bartlettmouth,South Jeremyborough,Hapag-Lloyd,2497.04,1413.86,2025-09-02 17:55:41,2025-09-09 17:55:41,2025-09-09 17:55:41,Foodstuff,2015.81,Delivered
SHP-53646803,"Campbell, Owen and Marquez",Lake Derekhaven,West Joshuabury,MSC,4800.41,1970.47,2025-09-12 18:28:00,2025-09-26 18:28:00,2025-09-26 18:28:00,Auto Parts,2492.62,Delivered
SHP-4990440,Mcbride-Gilmore,Gravesmouth,Lake Susan,Evergreen,9183.73,5048.21,2025-10-11 06:36:49,2025-10-31 06:36:49,2025-10-30 06:36:49,Machinery,6300.05,Delivered
SHP-98662827,"Anderson, Miller and Johnson",Ginatown,Bryanland,Evergreen,4197.06,2275.21,2025-03-17 03:52:35,2025-03-29 03:52:35,2025-04-06 03:52:35,Foodstuff,2931.5,Delivered
SHP-80608963,"Black, Smith and Wright",Bartlettmouth,Meganhaven,,2214.39,1278.6,2026-01-27 13:19:22,2026-02-05 13:19:22,2026-02-05 13:19:22,Chemicals,1794.6,Delivered
SHP-42065697,Smith PLC,Bryanland,South Tiffanytown,COSCO,8658.54,3754.76,2025-10-10 07:41:40,2025-11-01 07:41:40,2025-11-14 07:41:40,Machinery,5598.62,Delivered
SHP-39487553,Hughes-Smith,West Stephanieborough,Brownview,ONE,6016.77,2632.0,2025-12-12 20:42:58,2025-12-27 20:42:58,2025-12-26 20:42:58,Chemicals,2989.01,Delivered
SHP-27327763,Mcbride-Gilmore,Williamshire,Bartlettmouth,,3149.93,1478.3,2025-08-06 05:37:44,2025-08-16 05:37:44,2025-08-23 05:37:44,Chemicals,1628.84,Delivered
SHP-18053571,Castro-Larson,Bryanland,New Chase,COSCO,5190.36,2621.37,2025-12-31 03:19:09,2026-01-12 03:19:09,2026-01-10 03:19:09,Medicines,3808.35,Delivered
SHP-75032670,Martin-Taylor,West Kara,South Tiffanytown,Evergreen,9027.75,4172.63,2025-10-25 03:07:26,2025-11-15 03:07:26,2025-11-14 03:07:26,Electronics,5219.17,Delivered
SHP-28580294,"Murphy, Johnson and Turner",New Chase,Deniseshire,MSC,5461.4,2560.98,2025-10-24 01:24:21,2025-11-06 01:24:21,2025-11-11 01:24:21,Medicines,3726.98,Delivered
SHP-58504733,"Jenkins, Caldwell and Hughes",Meganhaven,Deniseshire,Hapag-Lloyd,4934.39,2667.77,2025-08-31 12:45:04,2025-09-14 12:45:04,2025-09-13 12:45:04,Auto Parts,3657.15,Delivered
SHP-68962995,"Black, Smith and Wright",Bryanland,Deniseshire,,9057.05,4707.48,2025-08-30 17:42:50,2025-09-22 17:42:50,2025-09-21 17:42:50,Electronics,6971.08,Delivered
SHP-84983189,Bailey LLC,Lake Derekhaven,North Johnfort,MSC,5710.03,3305.16,2025-07-28 00:30:08,2025-08-11 00:30:08,2025-08-09 00:30:08,Auto Parts,4257.73,Delivered
SHP-83052296,"Campbell, Owen and Marquez",West Stephanieborough,Lake Derekhaven,COSCO,6013.86,2475.88,2026-01-06 02:21:44,2026-01-21 02:21:44,2026-01-19 02:21:44,Foodstuff,3207.28,Delivered
SHP-2782460,Chang Group Inc,Williamshire,Barkertown,Evergreen,3912.09,1853.1,2026-02-13 09:43:10,2026-02-24 09:43:10,2026-03-01 09:43:10,Electronics,2570.23,Delivered
SHP-6190963,"Johnson, Richardson and Obrien",Barkertown,West Joshuabury,CMA CGM,3981.83,1810.76,2025-03-20 07:31:28,2025-03-30 07:31:28,2025-03-28 07:31:28,Machinery,2398.27,Delivered
SHP-27196949,"Black, Smith and Wright",Williamshire,West Joshuabury,Evergreen,4192.39,1784.36,2025-04-02 08:19:39,2025-04-12 08:19:39,2025-04-25 08:19:39,Foodstuff,2302.65,Delivered
SHP-87153429,"Campbell, Owen and Marquez",West Joshuabury,Bryanland,Hapag-Lloyd,2128.83,1084.12,2025-08-03 18:05:40,2025-08-12 18:05:40,2025-08-12 18:05:40,Textiles,1331.59,Delivered
SHP-56430060,Watson-Welch,West Joshuabury,Eatonstad,Maersk,7157.08,3792.45,2025-04-19 11:05:41,2025-05-07 11:05:41,2025-05-07 11:05:41,Auto Parts,4430.52,Delivered
SHP-20916044,"Hines, Parker and Potts",Meganhaven,Ginatown,Maersk,4952.63,2900.22,2025-11-25 10:06:52,2025-12-08 10:06:52,2025-12-06 10:06:52,Electronics,3364.95,Delivered
SHP-60631869,"Mendez, Mueller and Lee",North Johnfort,New Chase,MSC,2745.75,1327.04,2025-11-23 00:25:26,2025-12-01 00:25:26,2025-11-30 00:25:26,Electronics,1913.48,Delivered
SHP-27143324,Johnson-Jennings,South Tiffanytown,Brownview,,9056.14,4862.43,2025-05-02 03:49:21,2025-05-22 03:49:21,2025-05-22 03:49:21,Machinery,6800.93,Delivered
SHP-45260739,"Elliott, Sutton and Jackson",Williamshire,Barkertown,Evergreen,3498.22,1912.71,2025-08-06 07:47:25,2025-08-17 07:47:25,2025-08-15 07:47:25,Foodstuff,2510.71,Delivered
SHP-87157100,Bolton and Sons,Meganhaven,Williamshire,ONE,7657.39,3465.35,2026-02-23 14:36:36,2026-03-13 14:36:36,2026-03-23 14:36:36,Auto Parts,4349.51,Delivered
SHP-46395195,"Black, Smith and Wright Inc",Gravesmouth,Taylorland,Hapag-Lloyd,9081.08,3958.31,2025-07-14 18:37:16,2025-08-05 18:37:16,2025-08-05 18:37:16,Foodstuff,5169.01,Delivered
SHP-48313124,Gomez-Frost,West Joshuabury,South Tiffanytown,MSC,2355.16,1089.5,2025-09-24 19:02:20,2025-10-03 19:02:20,2025-10-02 19:02:20,Medicines,1259.45,Delivered
SHP-21350635,"Elliott, Sutton and Jackson",Taylorland,South Jeremyborough,,533.26,224.06,2026-01-19 18:44:03,2026-01-24 18:44:03,2026-01-22 18:44:03,Textiles,303.46,Delivered
SHP-94233731,Sutton Group,South Tiffanytown,Taylorland,MSC,1388.5,2139.86,2026-01-07 02:45:07,2026-01-13 02:45:07,2026-01-12 02:45:07,Chemicals,3201.65,Delivered
SHP-98381304,Chang Group,South Tiffanytown,Bartlettmouth,,694.49,415.29,2025-11-22 03:32:44,2025-11-26 03:32:44,2025-11-25 03:32:44,Auto Parts,564.61,Delivered
SHP-86011081,Williams Inc,Gravesmouth,Lake Derekhaven,Evergreen,8880.48,4745.98,2026-03-10 20:00:59,2026-03-29 20:00:59,2026-03-28 20:00:59,Foodstuff,6400.47,Delivered
SHP-68574693,Olson-Brown,Taylorland,Meganhaven,Hapag-Lloyd,805.47,413.8,2025-12-20 01:24:23,2025-12-23 01:24:23,2025-12-22 01:24:23,Medicines,481.23,Delivered
SHP-98389406,Sutton Group,Gravesmouth,Meganhaven,Hapag-Lloyd,9858.12,4220.93,2026-02-06 00:49:13,2026-03-02 00:49:13,2026-02-28 00:49:13,Medicines,5748.8,Delivered
SHP-93694028,"Anderson, Miller and Johnson Inc",Lake Susan,Brownview,Maersk,6943.39,2807.87,2025-03-12 19:55:17,2025-03-30 19:55:17,2025-03-28 19:55:17,Textiles,3129.29,Delivered
SHP-84918819,"Young, Anderson and Thompson",Meganhaven,West Joshuabury,ONE,694.58,328.37,2026-01-12 15:30:08,2026-01-18 15:30:08,2026-01-18 15:30:08,Machinery,477.82,Delivered
SHP-12841030,Adams-Dyer,Williamshire,South Tiffanytown,ONE,6788.44,3291.42,2025-07-19 04:37:46,2025-08-06 04:37:46,2025-08-06 04:37:46,Electronics,4627.85,Delivered
SHP-49872636,Pope Inc,Williamshire,West Joshuabury,Maersk,9318.57,4574.3,2025-11-13 01:06:20,2025-12-04 01:06:20,2025-12-03 01:06:20,Machinery,6593.38,Delivered
SHP-16707996,Pope Inc,West Stephanieborough,Ginatown,MSC,8285.68,4312.45,2025-07-25 20:28:43,2025-08-15 20:28:43,2025-08-16 20:28:43,Foodstuff,6061.78,Delivered
SHP-47513986,Leon-Gordon,Lake Derekhaven,Meganhaven,Evergreen,6462.25,3316.5,2025-08-25 14:19:36,2025-09-08 14:19:36,2025-09-06 14:19:36,Electronics,4910.49,Delivered
SHP-86604120,Miller-Downs,Williamshire,New Chase,Hapag-Lloyd,4115.74,9759.24,2025-08-27 04:40:38,2025-09-07 04:40:38,2025-09-05 04:40:38,Machinery,11987.69,Delivered
SHP-55055326,Williams Inc,Ginatown,Gravesmouth,CMA CGM,3225.36,1763.24,2025-11-24 15:47:38,2025-12-05 15:47:38,2025-12-05 15:47:38,Auto Parts,2019.51,Delivered
SHP-9402850,Reese Ltd,Brownview,Gravesmouth,MSC,562.09,320.59,2025-07-30 04:42:07,2025-08-05 04:42:07,2025-08-19 04:42:07,Machinery,468.01,Delivered
SHP-59009454,Hall-Mills,New Chase,North Johnfort,COSCO,4084.05,1705.69,2025-12-27 10:05:45,2026-01-07 10:05:45,2026-01-06 10:05:45,Electronics,2503.16,Delivered
SHP-75735829,Johnson-Jennings Inc,South Jeremyborough,South Tiffanytown,Evergreen,4977.81,2441.15,2025-12-29 16:31:24,2026-01-12 16:31:24,2026-01-10 16:31:24,Textiles,3270.83,Delivered
SHP-25354011,Olson-Brown,Gravesmouth,West Kara,COSCO,9859.3,5532.83,2025-08-04 09:41:14,2025-08-25 09:41:14,2025-08-29 09:41:14,Foodstuff,8233.13,Delivered
SHP-73034898,Chang Group,Barkertown,North Johnfort,Evergreen,4334.56,2256.51,2026-02-18 09:25:01,2026-03-03 09:25:01,2026-03-02 09:25:01,Textiles,3080.87,Delivered
SHP-69381755,Cooper-Erickson,Bryanland,West Joshuabury,Evergreen,5131.57,2376.21,2025-04-17 07:12:47,2025-04-30 07:12:47,2025-04-29 07:12:47,Auto Parts,3544.56,Delivered
SHP-56597287,"Jenkins, Caldwell and Hughes",North Johnfort,Taylorland,Evergreen,780.83,358.13,2025-11-14 03:55:21,2025-11-18 03:55:21,2025-11-17 03:55:21,Machinery,497.19,Delivered
SHP-40462136,Kim Ltd,Deniseshire,West Joshuabury,Maersk,5889.96,3033.27,2025-08-06 23:43:08,2025-08-22 23:43:08,2025-08-22 23:43:08,Machinery,4005.68,Delivered
SHP-76246089,Gomez-Frost,South Jeremyborough,North Johnfort,MSC,651.87,289.92,2026-02-21 07:22:11,2026-02-27 07:22:11,2026-02-27 07:22:11,Auto Parts,356.43,Delivered
SHP-93567250,Kim Ltd,Bryanland,Williamshire,Hapag-Lloyd,1631.18,735.42,2025-09-22 12:04:48,2025-09-29 12:04:48,2025-10-04 12:04:48,Auto Parts,1023.76,Delivered
SHP-80283526,Smith PLC,Gravesmouth,West Stephanieborough,CMA CGM,6524.47,2807.98,2025-11-29 16:35:07,2025-12-16 16:35:07,2025-12-15 16:35:07,Electronics,3893.26,Delivered
SHP-25367384,Williams Inc,South Jeremyborough,Ginatown,Maersk,2319.94,5438.2,2025-12-30 19:26:59,2026-01-07 19:26:59,2026-01-07 19:26:59,Machinery,6806.49,Delivered
SHP-2384501,Leon-Gordon,Williamshire,Eatonstad,Hapag-Lloyd,8037.85,4471.42,2025-08-19 22:53:52,2025-09-08 22:53:52,2025-09-07 22:53:52,Textiles,6482.86,Delivered
SHP-58218879,Reese Ltd,New Chase,Ginatown,ONE,7653.51,3881.27,2025-10-29 21:03:39,2025-11-17 21:03:39,2025-11-27 21:03:39,Auto Parts,4425.29,Delivered
SHP-55210751,"Murphy, Johnson and Turner Inc",West Kara,South Jeremyborough,MSC,7398.57,3208.45,2025-07-02 02:54:46,2025-07-18 02:54:46,2025-07-17 02:54:46,Textiles,4301.87,Delivered
SHP-762892,Leon-Gordon,Deniseshire,Taylorland,MSC,3574.41,1723.81,2026-03-03 05:37:10,2026-03-14 05:37:10,2026-03-14 05:37:10,Machinery,2384.42,Delivered
SHP-49301222,Vaughn Inc,Eatonstad,Gravesmouth,COSCO,9763.57,5105.84,2025-09-28 03:31:50,2025-10-19 03:31:50,2025-10-19 03:31:50,Medicines,5894.11,Delivered
SHP-87237062,Gomez-Frost,New Chase,Gravesmouth,COSCO,2266.95,935.69,2025-05-03 06:44:29,2025-05-09 06:44:29,2025-05-08 06:44:29,Chemicals,1038.16,Delivered
SHP-76078927,Reese Ltd,New Chase,Williamshire,Maersk,5018.77,2994.48,2025-05-23 15:02:50,2025-06-05 15:02:50,2025-06-09 15:02:50,Foodstuff,4334.67,Delivered
SHP-7501232,"Young, Anderson and Thompson Inc",Lake Susan,West Kara,Evergreen,1695.28,871.59,2026-02-28 06:46:11,2026-03-07 06:46:11,2026-03-07 06:46:11,Electronics,1123.4,Delivered
SHP-56748333,Velazquez Inc,Lake Derekhaven,Lake Susan,Maersk,2556.41,1484.66,2025-12-18 00:01:08,2025-12-28 00:01:08,2025-12-26 00:01:08,Textiles,1769.95,Delivered
SHP-56777505,"Oneal, Thompson and White",New Chase,Gravesmouth,Maersk,2707.51,1286.03,2026-02-27 10:39:38,2026-03-09 10:39:38,2026-03-09 10:39:38,Textiles,1880.14,Delivered
SHP-4109194,Morales-Williams,South Jeremyborough,West Stephanieborough,,1422.94,729.54,2025-11-22 22:11:17,2025-11-28 22:11:17,2025-11-26 22:11:17,Auto Parts,967.0,Delivered
SHP-47718,Vaughn Inc,Taylorland,Bartlettmouth,ONE,4716.74,1906.17,2025-07-18 09:37:30,2025-07-29 09:37:30,2025-07-31 09:37:30,Electronics,2855.15,Delivered
SHP-49869541,Clark-Lang,Deniseshire,West Kara,Hapag-Lloyd,5199.89,2185.8,2025-07-17 14:29:44,2025-08-01 14:29:44,2025-08-15 14:29:44,Electronics,2704.13,Delivered
SHP-90153911,Olson-Brown,Eatonstad,Bryanland,Hapag-Lloyd,3643.12,1947.21,2025-04-24 13:36:25,2025-05-03 13:36:25,2025-05-01 13:36:25,Electronics,2350.34,Delivered
SHP-85576222,Hernandez-Edwards,Bryanland,North Johnfort,Hapag-Lloyd,6630.36,3714.49,2025-10-18 01:08:48,2025-11-03 01:08:48,2025-11-14 01:08:48,Machinery,4206.0,Delivered
SHP-5656375,Johnson-Jennings,West Joshuabury,Williamshire,,9264.18,4748.16,2026-02-19 16:29:05,2026-03-12 16:29:05,2026-03-11 16:29:05,Chemicals,5401.11,Delivered
SHP-55757840,Wyatt-Peterson,West Joshuabury,Williamshire,MSC,1253.77,622.2,2025-09-23 05:38:38,2025-09-30 05:38:38,2025-09-30 05:38:38,Medicines,721.44,Delivered
SHP-64908693,Kim Ltd,Meganhaven,Bryanland,MSC,4033.01,1972.32,2025-10-08 17:39:48,2025-10-20 17:39:48,2025-10-20 17:39:48,Electronics,2405.46,Delivered
SHP-57797203,Pope Inc,Barkertown,West Joshuabury,ONE,1470.41,690.05,2025-11-04 15:17:21,2025-11-09 15:17:21,2025-11-07 15:17:21,Medicines,930.76,Delivered
SHP-16447910,"Young, Whitehead and Smith",Barkertown,Williamshire,Hapag-Lloyd,3951.75,2295.85,2025-12-22 20:45:16,2025-12-31 20:45:16,2025-12-30 20:45:16,Electronics,3363.95,Delivered
SHP-90903088,Miller-Downs,North Johnfort,Bartlettmouth,MSC,2071.36,1105.93,2025-04-05 12:52:13,2025-04-13 12:52:13,2025-04-13 12:52:13,Machinery,1288.34,Delivered
SHP-59816674,Hernandez-Edwards Inc,Barkertown,Bartlettmouth,CMA CGM,7716.14,3349.2,2025-03-22 10:12:31,2025-04-09 10:12:31,2025-04-07 10:12:31,Electronics,4815.13,Delivered
SHP-14791544,Leon-Gordon,New Chase,North Johnfort,Evergreen,5456.42,2983.44,2026-01-25 05:05:21,2026-02-08 05:05:21,2026-02-18 05:05:21,Auto Parts,3408.21,Delivered
SHP-21009824,Morales-Williams,Brownview,Meganhaven,Evergreen,1987.43,821.27,2025-03-19 03:17:11,2025-03-25 03:17:11,2025-04-07 03:17:11,Chemicals,970.07,Delivered
SHP-63490030,Castro-Larson,Lake Susan,Deniseshire,MSC,3966.14,2210.92,2025-07-28 11:24:49,2025-08-09 11:24:49,2025-08-08 11:24:49,Electronics,2913.38,Delivered
SHP-59670091,Rogers-Hammond,North Johnfort,New Chase,Hapag-Lloyd,1314.04,555.4,2025-05-18 19:59:06,2025-05-25 19:59:06,2025-05-23 19:59:06,Chemicals,688.71,Delivered
SHP-60570918,Hall-Mills,Gravesmouth,Williamshire,Maersk,7176.13,3481.9,2025-07-28 13:31:02,2025-08-13 13:31:02,2025-08-25 13:31:02,Auto Parts,4304.09,Delivered
SHP-3397069,"Elliott, Sutton and Jackson",Barkertown,West Kara,MSC,2618.42,1487.12,2025-07-08 09:03:15,2025-07-18 09:03:15,2025-07-18 09:03:15,Machinery,2162.83,Delivered
SHP-14073226,"Young, Anderson and Thompson",Bartlettmouth,Lake Derekhaven,Maersk,9641.84,5274.64,2025-11-12 13:31:29,2025-12-05 13:31:29,2025-12-03 13:31:29,Foodstuff,6881.93,Delivered
SHP-96288119,"Anderson, Miller and Johnson",West Kara,Bartlettmouth,Hapag-Lloyd,2399.29,1094.04,2025-09-02 10:27:40,2025-09-08 10:27:40,2025-09-07 10:27:40,Machinery,1540.56,Delivered
SHP-45961495,Miller-Williams,West Joshuabury,Meganhaven,MSC,2876.51,1578.45,2026-01-26 12:33:50,2026-02-04 12:33:50,2026-02-02 12:33:50,Foodstuff,2138.8,Delivered
SHP-19429014,Mcfarland LLC,Meganhaven,Ginatown,CMA CGM,6509.47,2988.98,2025-10-28 23:07:39,2025-11-13 23:07:39,2025-11-19 23:07:39,Chemicals,4208.08,Delivered
SHP-87167715,Reese Ltd,West Stephanieborough,Brownview,CMA CGM,1956.4,998.98,2025-03-22 17:06:13,2025-03-27 17:06:13,2025-03-26 17:06:13,Machinery,1479.63,Delivered
SHP-93550413,Velazquez Inc,South Tiffanytown,Lake Derekhaven,CMA CGM,1093.95,495.27,2025-06-08 07:09:26,2025-06-14 07:09:26,2025-06-13 07:09:26,Chemicals,668.85,Delivered
SHP-77930330,"Smith, Bowers and Kim Inc",South Jeremyborough,Ginatown,CMA CGM,6128.93,3034.03,2026-02-08 01:45:57,2026-02-24 01:45:57,2026-02-24 01:45:57,Foodstuff,4224.9,Delivered
SHP-80873763,Pope Inc,Bryanland,Meganhaven,CMA CGM,4878.17,2008.65,2025-05-29 16:30:01,2025-06-09 16:30:01,2025-06-08 16:30:01,Auto Parts,2908.71,Delivered
SHP-89797707,Martin-Taylor,North Johnfort,Barkertown,ONE,8657.26,4984.23,2025-06-23 10:38:51,2025-07-12 10:38:51,2025-07-12 10:38:51,Medicines,6843.25,Delivered
SHP-33279476,"Elliott, Sutton and Jackson",South Jeremyborough,Deniseshire,Maersk,5114.34,2724.62,2026-02-12 18:28:16,2026-02-26 18:28:16,2026-02-25 18:28:16,Medicines,3295.29,Delivered
SHP-80146546,"Johnson, Richardson and Obrien Inc",Gravesmouth,West Joshuabury,ONE,6515.88,3737.76,2025-06-26 21:15:16,2025-07-11 21:15:16,2025-07-12 21:15:16,Auto Parts,5529.09,Delivered
SHP-77853844,Leon-Gordon,New Chase,Bryanland,ONE,6692.04,2838.63,2025-10-11 11:47:47,2025-10-27 11:47:47,2025-10-26 11:47:47,Foodstuff,4005.21,Delivered
SHP-51355634,Greene-Liu,Ginatown,Bryanland,CMA CGM,7703.37,3839.44,2025-11-14 23:56:40,2025-12-02 23:56:40,2025-12-02 23:56:40,Auto Parts,5298.41,Delivered
SHP-28707124,Miller-Williams,West Stephanieborough,Meganhaven,Evergreen,6791.25,15603.16,2025-06-27 08:15:15,2025-07-15 08:15:15,2025-07-15 08:15:15,Electronics,19503.13,Delivered
SHP-67163489,"Campbell, Owen and Marquez",West Joshuabury,New Chase,Maersk,9105.81,4723.75,2025-09-13 11:26:49,2025-10-04 11:26:49,2025-10-02 11:26:49,Electronics,6651.0,Delivered
SHP-65323961,Watson-Welch,Lake Derekhaven,West Kara,COSCO,7988.7,3335.33,2025-12-03 04:27:35,2025-12-21 04:27:35,2025-12-19 04:27:35,Auto Parts,4264.64,Delivered
SHP-74938190,"Black, Smith and Wright",West Stephanieborough,Lake Susan,Maersk,658.96,267.91,2026-02-22 07:51:27,2026-02-26 07:51:27,2026-02-26 07:51:27,Chemicals,391.76,Delivered
SHP-11281734,Williams Inc,Brownview,Bryanland,ONE,3610.7,1728.87,2025-08-22 15:55:37,2025-09-01 15:55:37,2025-08-31 15:55:37,Foodstuff,2071.87,Delivered
SHP-99121808,Williams Inc,Gravesmouth,North Johnfort,CMA CGM,8747.82,4858.86,2025-05-18 03:38:45,2025-06-06 03:38:45,2025-06-06 03:38:45,Foodstuff,6596.94,Delivered
SHP-87396861,Hall-Mills,Brownview,West Joshuabury,CMA CGM,8848.58,4981.1,2025-10-17 10:19:23,2025-11-08 10:19:23,2025-11-08 10:19:23,Textiles,5591.61,Delivered
SHP-73303403,Velazquez Inc,Lake Susan,Lake Derekhaven,Maersk,8072.17,3584.99,2025-05-11 09:15:04,2025-05-30 09:15:04,2025-05-28 09:15:04,Electronics,4873.38,Delivered
SHP-1847860,Gomez-Frost,Williamshire,Brownview,MSC,9748.79,4249.68,2025-07-31 06:22:31,2025-08-23 06:22:31,2025-08-21 06:22:31,Auto Parts,4683.59,Delivered
SHP-32309763,Chang Group,Williamshire,Eatonstad,CMA CGM,9706.47,4166.76,2026-01-12 09:32:56,2026-02-04 09:32:56,2026-02-02 09:32:56,Machinery,5162.2,Delivered
SHP-93645854,"Mendez, Mueller and Lee",North Johnfort,Meganhaven,MSC,3372.04,1805.89,2025-07-08 22:06:48,2025-07-18 22:06:48,2025-07-16 22:06:48,Foodstuff,2378.52,Delivered
SHP-42244655,Quinn-Dixon Inc,Lake Derekhaven,South Tiffanytown,CMA CGM,2050.81,976.54,2025-11-18 02:09:14,2025-11-26 02:09:14,2025-11-25 02:09:14,Chemicals,1218.43,Delivered
SHP-60523973,Martin-Taylor,Eatonstad,Meganhaven,Hapag-Lloyd,5955.3,2607.81,2025-05-30 02:31:49,2025-06-13 02:31:49,2025-06-12 02:31:49,Foodstuff,3803.51,Delivered
SHP-28124605,Morales-Williams,Bartlettmouth,Lake Susan,Hapag-Lloyd,6201.52,3098.1,2025-08-06 01:19:34,2025-08-21 01:19:34,2025-08-19 01:19:34,Chemicals,3740.13,Delivered
SHP-1605268,Leon-Gordon,Taylorland,North Johnfort,Evergreen,8072.1,4818.71,2025-11-24 17:07:57,2025-12-12 17:07:57,2025-12-12 17:07:57,Machinery,6717.86,Delivered
SHP-37986393,"Johnson, Richardson and Obrien",Ginatown,New Chase,Hapag-Lloyd,6000.3,3173.51,2025-05-17 04:35:09,2025-06-02 04:35:09,2025-05-31 04:35:09,Chemicals,3678.4,Delivered
SHP-10128626,"Campbell, Owen and Marquez Inc",Gravesmouth,Barkertown,COSCO,9256.83,5461.07,2025-12-03 09:24:54,2025-12-25 09:24:54,2025-12-24 09:24:54,Chemicals,8179.34,Delivered
SHP-43273587,Greene-Liu,Gravesmouth,Taylorland,MSC,2642.09,1380.41,2025-04-07 09:56:28,2025-04-14 09:56:28,2025-04-12 09:56:28,Medicines,1925.84,Delivered
SHP-20087674,Pope Inc,Deniseshire,Gravesmouth,MSC,4103.79,1802.26,2025-11-24 06:17:15,2025-12-05 06:17:15,2025-12-05 06:17:15,Electronics,2471.0,Delivered
SHP-58840197,Olson-Brown,West Stephanieborough,Taylorland,COSCO,8091.6,3332.28,2025-04-30 07:54:34,2025-05-21 07:54:34,2025-05-28 07:54:34,Machinery,4639.23,Delivered
SHP-65348632,Watson-Welch,Eatonstad,Williamshire,COSCO,2716.59,1410.63,2025-06-09 10:38:24,2025-06-19 10:38:24,2025-06-21 10:38:24,Auto Parts,1647.08,Delivered
SHP-61679011,Chang Group,Brownview,Taylorland,CMA CGM,5071.24,2673.18,2025-06-20 19:12:18,2025-07-03 19:12:18,2025-07-13 19:12:18,Auto Parts,3356.55,Delivered
SHP-88753487,Kim Ltd,South Tiffanytown,Lake Susan,CMA CGM,8012.75,4374.02,2025-12-10 13:32:00,2025-12-29 13:32:00,2025-12-30 13:32:00,Textiles,6192.77,Delivered
SHP-63496508,"Young, Whitehead and Smith",Lake Derekhaven,Gravesmouth,Evergreen,6139.34,2551.57,2025-03-31 03:12:20,2025-04-14 03:12:20,2025-04-13 03:12:20,Machinery,3510.3,Delivered
SHP-99800703,Vaughn Inc,Bryanland,Meganhaven,Hapag-Lloyd,7262.59,4250.18,2025-07-03 14:32:45,2025-07-19 14:32:45,2025-07-22 14:32:45,Electronics,6134.07,Delivered
SHP-34294380,"Murphy, Johnson and Turner",West Joshuabury,Lake Susan,ONE,7448.08,4084.9,2025-05-09 03:44:36,2025-05-25 03:44:36,2025-05-25 03:44:36,Chemicals,5473.77,Delivered
SHP-1936290,Williams Inc,Brownview,Williamshire,Maersk,5631.51,3332.11,2025-03-19 12:05:35,2025-04-04 12:05:35,2025-04-02 12:05:35,Electronics,4755.46,Delivered
SHP-95066897,Johnson-Jennings,Barkertown,Gravesmouth,Maersk,9707.49,4400.16,2025-04-15 23:06:01,2025-05-08 23:06:01,2025-05-07 23:06:01,Electronics,6328.09,Delivered
SHP-40728089,Pope Inc,Eatonstad,Meganhaven,Hapag-Lloyd,1612.76,687.9,2026-02-28 00:22:53,2026-03-08 00:22:53,2026-03-06 00:22:53,Chemicals,883.84,Delivered
SHP-91752466,"Jenkins, Caldwell and Hughes",Brownview,Eatonstad,ONE,6358.9,11514.06,2025-07-11 03:41:30,2025-07-27 03:41:30,2025-08-02 03:41:30,Machinery,15424.3,Delivered
SHP-72439878,Adams-Dyer Inc,Ginatown,South Jeremyborough,CMA CGM,7290.26,3501.97,2026-02-24 22:09:22,2026-03-14 22:09:22,2026-03-12 22:09:22,Auto Parts,4086.08,Delivered
SHP-98625556,Velazquez Inc,Lake Susan,Bartlettmouth,MSC,4204.66,1880.92,2026-01-20 10:39:49,2026-01-30 10:39:49,2026-01-28 10:39:49,Textiles,2604.76,Delivered
SHP-72784256,"Anderson, Miller and Johnson",Meganhaven,Barkertown,CMA CGM,1702.64,744.26,2026-02-03 07:09:23,2026-02-08 07:09:23,2026-02-06 07:09:23,Chemicals,918.17,Delivered
SHP-9487886,Hernandez-Edwards,West Kara,Deniseshire,ONE,2861.52,1545.01,2025-05-08 13:11:44,2025-05-18 13:11:44,2025-05-18 13:11:44,Foodstuff,1837.59,Delivered
SHP-56157667,Cooper-Erickson,Deniseshire,Bartlettmouth,,6698.2,3910.82,2025-08-05 05:01:34,2025-08-23 05:01:34,2025-08-23 05:01:34,Foodstuff,5268.42,Delivered
SHP-34391272,Reese Ltd,West Stephanieborough,Gravesmouth,ONE,1713.57,741.71,2025-06-22 20:56:28,2025-06-30 20:56:28,2025-06-29 20:56:28,Textiles,945.15,Delivered
SHP-52636734,"Oneal, Thompson and White",West Joshuabury,South Jeremyborough,Evergreen,9657.02,5660.54,2025-05-03 03:13:30,2025-05-27 03:13:30,2025-06-04 03:13:30,Auto Parts,7281.09,Delivered
SHP-46408775,"Black, Smith and Wright",Eatonstad,West Kara,CMA CGM,7808.55,11722.94,2025-08-15 14:59:04,2025-09-04 14:59:04,2025-09-04 14:59:04,Electronics,17354.56,Delivered
SHP-1616832,"Murphy, Johnson and Turner",Lake Susan,Deniseshire,Hapag-Lloyd,2780.11,1497.94,2025-08-19 13:42:52,2025-08-27 13:42:52,2025-08-26 13:42:52,Medicines,1833.96,Delivered
SHP-32553748,Hernandez-Edwards,Brownview,Bartlettmouth,CMA CGM,5445.31,2724.52,2025-11-18 00:54:28,2025-12-02 00:54:28,2025-11-30 00:54:28,Electronics,3520.1,Delivered
SHP-28181480,Wyatt-Peterson,South Tiffanytown,Deniseshire,ONE,7968.57,3519.16,2025-04-18 19:41:13,2025-05-05 19:41:13,2025-05-05 19:41:13,Medicines,4144.56,Delivered
SHP-65418609,"Campbell, Owen and Marquez",West Kara,Bryanland,CMA CGM,6365.4,3173.59,2025-03-22 06:26:00,2025-04-07 06:26:00,2025-04-07 06:26:00,Textiles,4608.25,Delivered
SHP-41176171,Gomez-Frost Inc,Brownview,South Jeremyborough,Hapag-Lloyd,6741.79,2923.34,2025-06-18 16:34:36,2025-07-04 16:34:36,2025-07-03 16:34:36,Medicines,4035.01,Delivered
SHP-92660885,"Smith, Bowers and Kim",Taylorland,Meganhaven,MSC,6503.35,3440.07,2025-10-31 07:16:40,2025-11-16 07:16:40,2025-11-16 07:16:40,Foodstuff,4370.93,Delivered
SHP-50906174,"Newman, Brennan and Valdez Inc",South Jeremyborough,Taylorland,Maersk,1529.63,721.63,2025-12-28 17:41:23,2026-01-02 17:41:23,2026-01-11 17:41:23,Chemicals,1050.32,Delivered
SHP-53560937,Reese Ltd Inc,Ginatown,Deniseshire,Evergreen,9770.12,3984.52,2025-08-01 21:11:03,2025-08-24 21:11:03,2025-08-24 21:11:03,Electronics,5719.43,Delivered
SHP-68823965,Hall-Mills,Barkertown,Eatonstad,Maersk,8557.6,4728.14,2025-04-14 21:39:23,2025-05-05 21:39:23,2025-05-03 21:39:23,Textiles,5657.67,Delivered
SHP-62821685,Watson-Welch,Eatonstad,Taylorland,CMA CGM,6340.5,3505.49,2025-09-29 20:25:08,2025-10-16 20:25:08,2025-10-14 20:25:08,Textiles,4394.32,Delivered
SHP-67491031,Martin-Taylor,Barkertown,West Kara,COSCO,6278.16,3326.88,2026-02-03 14:00:38,2026-02-17 14:00:38,2026-02-17 14:00:38,Textiles,4262.86,Delivered
SHP-91432746,"Campbell, Owen and Marquez",Gravesmouth,Lake Susan,COSCO,1612.81,795.74,2025-12-31 22:35:06,2026-01-08 22:35:06,2026-01-08 22:35:06,Medicines,964.83,Delivered
SHP-62628357,Martin-Taylor,New Chase,Ginatown,COSCO,7125.36,3873.44,2025-06-22 06:29:23,2025-07-10 06:29:23,2025-07-08 06:29:23,Auto Parts,4350.77,Delivered
SHP-37810715,Williams Inc,Taylorland,New Chase,Maersk,2033.79,859.96,2025-05-05 00:38:28,2025-05-14 00:38:28,2025-05-13 00:38:28,Textiles,985.01,Delivered
SHP-22853526,Cooper-Erickson,Ginatown,Taylorland,,4512.22,1887.42,2025-04-07 18:18:00,2025-04-18 18:18:00,2025-04-16 18:18:00,Electronics,2754.9,Delivered
SHP-13525396,Vaughn Inc,Lake Susan,North Johnfort,Maersk,9687.91,4658.07,2025-04-30 02:13:46,2025-05-23 02:13:46,2025-06-04 02:13:46,Medicines,6531.55,Delivered
SHP-4460755,Greene-Liu,Taylorland,Lake Susan,MSC,6721.61,3758.34,2025-06-03 19:25:24,2025-06-19 19:25:24,2025-06-17 19:25:24,Foodstuff,4390.86,Delivered
SHP-29064782,Watson-Welch,West Stephanieborough,Barkertown,MSC,1139.86,629.95,2025-03-15 04:57:14,2025-03-19 04:57:14,2025-03-19 04:57:14,Electronics,773.78,Delivered
SHP-8504068,Quinn-Dixon,North Johnfort,Gravesmouth,Evergreen,9788.23,4093.8,2025-07-13 11:49:30,2025-08-06 11:49:30,2025-08-04 11:49:30,Electronics,5309.19,Delivered
SHP-63687805,"Campbell, Owen and Marquez",New Chase,Eatonstad,MSC,5293.21,2484.48,2025-11-30 01:10:52,2025-12-15 01:10:52,2025-12-13 01:10:52,Textiles,3659.66,Delivered
SHP-30979280,Fields-Miller,Deniseshire,Meganhaven,,7715.0,3605.07,2025-05-27 04:21:24,2025-06-16 04:21:24,2025-06-27 04:21:24,Machinery,4045.55,Delivered
SHP-22267926,Watson-Welch,Brownview,West Stephanieborough,Maersk,5117.88,2501.14,2026-03-11 15:53:39,2026-03-24 15:53:39,2026-03-22 15:53:39,Electronics,3308.89,Delivered
SHP-28256476,Fields-Miller,Gravesmouth,West Kara,ONE,1532.87,847.95,2025-04-22 12:41:12,2025-04-29 12:41:12,2025-04-27 12:41:12,Auto Parts,1211.41,Delivered
SHP-89553438,Miller-Williams Inc,Barkertown,South Tiffanytown,CMA CGM,549.81,300.95,2025-08-16 03:38:00,2025-08-20 03:38:00,2025-08-20 03:38:00,Medicines,396.71,Delivered
SHP-54286916,Bailey LLC,North Johnfort,Meganhaven,,1202.3,599.69,2025-05-13 12:18:50,2025-05-20 12:18:50,2025-05-20 12:18:50,Medicines,843.0,Delivered
SHP-31757572,Cooper-Erickson,Bartlettmouth,Eatonstad,CMA CGM,2108.19,1137.34,2025-09-21 22:32:33,2025-09-27 22:32:33,2025-09-26 22:32:33,Medicines,1393.44,Delivered
SHP-2492432,Olson-Brown,Bryanland,Gravesmouth,ONE,9730.01,5595.3,2026-02-27 15:53:52,2026-03-21 15:53:52,2026-03-25 15:53:52,Auto Parts,6363.6,Delivered
SHP-45531633,Johnson-Jennings,West Joshuabury,Bryanland,ONE,745.06,325.8,2025-03-12 13:05:22,2025-03-17 13:05:22,2025-03-16 13:05:22,Machinery,386.67,Delivered
SHP-16564753,Greene-Liu,New Chase,South Jeremyborough,MSC,5688.78,2360.84,2025-09-07 04:24:31,2025-09-23 04:24:31,2025-09-22 04:24:31,Foodstuff,2876.55,Delivered
SHP-1559124,Martin-Taylor,Williamshire,New Chase,ONE,6230.31,3733.9,2025-09-06 23:01:45,2025-09-21 23:01:45,2025-09-21 23:01:45,Medicines,4305.31,Delivered
SHP-2911285,Hernandez-Edwards,Taylorland,Lake Susan,MSC,4523.32,2533.04,2025-08-30 21:50:03,2025-09-12 21:50:03,2025-09-12 21:50:03,Machinery,3063.36,Delivered
SHP-8507150,"Newman, Brennan and Valdez",New Chase,Deniseshire,Maersk,1946.7,821.1,2026-03-04 16:19:56,2026-03-12 16:19:56,2026-03-12 16:19:56,Medicines,1090.93,Delivered
SHP-55978061,Bolton and Sons,South Tiffanytown,Brownview,ONE,5090.34,2501.01,2025-04-20 12:06:28,2025-05-03 12:06:28,2025-05-03 12:06:28,Textiles,3586.09,Delivered
SHP-1131056,Mcfarland LLC Inc,Bryanland,Ginatown,CMA CGM,6217.01,2663.96,2025-12-03 21:11:29,2025-12-19 21:11:29,2025-12-17 21:11:29,Electronics,3111.71,Delivered
SHP-23475348,"Young, Whitehead and Smith",Barkertown,Gravesmouth,CMA CGM,8167.21,4054.84,2025-09-09 13:16:01,2025-09-27 13:16:01,2025-09-27 13:16:01,Auto Parts,5233.17,Delivered
SHP-98364064,Williams Inc,Deniseshire,Williamshire,Maersk,2650.65,1312.89,2026-01-11 01:15:03,2026-01-20 01:15:03,2026-01-20 01:15:03,Machinery,1848.13,Delivered
SHP-52617964,"Oneal, Thompson and White",West Joshuabury,Williamshire,ONE,6052.94,9541.36,2025-12-28 07:48:16,2026-01-14 07:48:16,2026-01-12 07:48:16,Chemicals,12185.67,Delivered
SHP-75097618,Castro-Larson,Barkertown,West Joshuabury,MSC,5290.0,2872.05,2025-10-24 03:32:54,2025-11-06 03:32:54,2025-11-04 03:32:54,Foodstuff,3634.29,Delivered
SHP-76940919,Vaughn Inc,Gravesmouth,Ginatown,Maersk,9770.51,4747.13,2025-08-01 22:44:32,2025-08-23 22:44:32,2025-08-23 22:44:32,Medicines,6425.87,Delivered
SHP-98161741,Wyatt-Peterson,South Tiffanytown,Bryanland,CMA CGM,3515.15,1864.34,2025-05-19 11:13:21,2025-05-30 11:13:21,2025-05-28 11:13:21,Machinery,2574.97,Delivered
SHP-8448927,Mcbride-Gilmore,Barkertown,West Joshuabury,Evergreen,5383.17,3177.29,2025-07-28 07:46:03,2025-08-11 07:46:03,2025-08-10 07:46:03,Chemicals,4385.99,Delivered
SHP-8895148,"Young, Whitehead and Smith",Taylorland,North Johnfort,ONE,3731.84,1662.36,2025-08-31 09:27:15,2025-09-11 09:27:15,2025-09-11 09:27:15,Foodstuff,1897.55,Delivered
SHP-54140813,Adams-Dyer,Brownview,Taylorland,COSCO,639.89,305.21,2025-08-06 13:49:01,2025-08-11 13:49:01,2025-08-10 13:49:01,Medicines,408.8,Delivered
SHP-25984291,Clark-Lang,West Kara,Taylorland,MSC,6193.07,3589.18,2026-01-01 22:43:29,2026-01-17 22:43:29,2026-01-15 22:43:29,Machinery,3958.01,Delivered
SHP-28285574,"Mendez, Mueller and Lee",Eatonstad,Williamshire,Hapag-Lloyd,2553.34,6082.62,2025-12-01 20:22:18,2025-12-10 20:22:18,2025-12-09 20:22:18,Chemicals,8800.67,Delivered
SHP-23764268,Quinn-Dixon,Williamshire,West Stephanieborough,MSC,3540.38,1525.53,2025-04-16 11:09:46,2025-04-25 11:09:46,2025-04-23 11:09:46,Auto Parts,2210.3,Delivered
SHP-73514945,Miller-Williams,Bartlettmouth,Meganhaven,Hapag-Lloyd,8850.67,4840.47,2025-09-06 05:46:25,2025-09-27 05:46:25,2025-09-25 05:46:25,Foodstuff,7121.5,Delivered
SHP-49982624,"Smith, Bowers and Kim",Bryanland,North Johnfort,COSCO,8849.39,4520.21,2025-04-30 05:49:57,2025-05-20 05:49:57,2025-05-18 05:49:57,Foodstuff,5238.9,Delivered
SHP-71979581,Wyatt-Peterson,Taylorland,Williamshire,CMA CGM,5413.15,2887.14,2025-12-30 00:14:43,2026-01-11 00:14:43,2026-01-09 00:14:43,Machinery,4253.25,Delivered
SHP-18141896,Miller-Williams,Bartlettmouth,Deniseshire,ONE,9340.26,3928.1,2025-11-29 12:31:10,2025-12-22 12:31:10,2025-12-22 12:31:10,Foodstuff,5626.2,Delivered
SHP-75457213,Chang Group,Ginatown,Bartlettmouth,CMA CGM,3125.33,5613.95,2026-01-10 16:05:31,2026-01-21 16:05:31,2026-01-20 16:05:31,Electronics,7753.4,Delivered
SHP-13173555,Kim Ltd,North Johnfort,West Joshuabury,Evergreen,6111.36,2632.56,2025-04-29 08:55:21,2025-05-15 08:55:21,2025-05-15 08:55:21,Foodstuff,3347.85,Delivered
SHP-5902957,Leon-Gordon,South Jeremyborough,South Tiffanytown,ONE,1592.39,694.19,2025-05-25 09:13:20,2025-06-02 09:13:20,2025-06-02 09:13:20,Medicines,984.67,Delivered
SHP-88777424,Kim Ltd Inc,Meganhaven,Bartlettmouth,CMA CGM,9577.55,5219.33,2026-02-27 17:58:23,2026-03-22 17:58:23,,Electronics,6907.43,In Transit
SHP-96875251,"Elliott, Sutton and Jackson",Barkertown,Bryanland,COSCO,6580.89,3155.76,2026-01-22 15:10:02,2026-02-08 15:10:02,2026-02-06 15:10:02,Electronics,3748.82,Delivered
SHP-81783169,Miller-Downs,South Tiffanytown,Meganhaven,,4840.38,2535.07,2025-10-24 11:12:04,2025-11-07 11:12:04,2025-11-06 11:12:04,Chemicals,3763.72,Delivered
SHP-23349115,Castro-Larson,South Tiffanytown,Lake Derekhaven,COSCO,4003.25,2299.22,2025-05-20 01:49:18,2025-05-30 01:49:18,2025-05-29 01:49:18,Auto Parts,3030.57,Delivered
SHP-22918320,Mcbride-Gilmore,South Tiffanytown,West Kara,CMA CGM,1903.96,854.11,2025-09-29 10:24:55,2025-10-05 10:24:55,2025-10-03 10:24:55,Chemicals,1013.44,Delivered
SHP-43196477,Hughes-Smith,Lake Derekhaven,Bartlettmouth,ONE,6819.39,3877.43,2026-01-22 03:36:50,2026-02-08 03:36:50,2026-02-08 03:36:50,Textiles,4423.29,Delivered
SHP-94882946,"Elliott, Sutton and Jackson",West Stephanieborough,Brownview,ONE,8413.42,4420.19,2025-11-01 17:59:06,2025-11-21 17:59:06,2025-12-02 17:59:06,Auto Parts,6221.2,Delivered
SHP-85498887,Sutton Group,North Johnfort,West Joshuabury,Evergreen,3202.06,1529.58,2025-10-09 04:26:31,2025-10-17 04:26:31,2025-10-15 04:26:31,Medicines,2161.37,Delivered
SHP-5511152,"Black, Smith and Wright",Lake Derekhaven,South Tiffanytown,CMA CGM,7778.99,3889.48,2025-10-15 12:51:12,2025-11-02 12:51:12,2025-11-16 12:51:12,Chemicals,4337.39,Delivered
SHP-41251857,"Newman, Brennan and Valdez",West Kara,South Tiffanytown,ONE,8825.17,4306.44,2025-11-27 22:57:15,2025-12-18 22:57:15,2025-12-17 22:57:15,Textiles,5646.57,Delivered
SHP-76868060,Wyatt-Peterson Inc,Bartlettmouth,New Chase,CMA CGM,564.84,226.47,2025-08-16 11:41:13,2025-08-21 11:41:13,2025-08-21 11:41:13,Machinery,298.8,Delivered
SHP-39264761,Bailey LLC,West Joshuabury,New Chase,CMA CGM,4324.12,1938.04,2025-11-10 08:28:40,2025-11-22 08:28:40,2025-11-21 08:28:40,Machinery,2671.15,Delivered
SHP-12084103,Quinn-Dixon,New Chase,Lake Derekhaven,Maersk,2808.81,1480.58,2025-05-05 09:32:34,2025-05-14 09:32:34,2025-05-12 09:32:34,Chemicals,1974.35,Delivered
SHP-48112164,Weiss Inc,Brownview,New Chase,COSCO,1558.85,881.63,2025-08-17 17:36:16,2025-08-23 17:36:16,2025-08-21 17:36:16,Foodstuff,1036.87,Delivered
SHP-17712078,"Black, Smith and Wright",Bryanland,Deniseshire,Maersk,4154.78,1714.78,2026-01-20 09:30:27,2026-01-31 09:30:27,2026-01-31 09:30:27,Machinery,1894.72,Delivered
SHP-80516966,Greene-Liu,North Johnfort,Gravesmouth,COSCO,7883.91,4012.95,2025-12-25 00:03:27,2026-01-11 00:03:27,2026-01-09 00:03:27,Auto Parts,5710.3,Delivered
SHP-57564018,Greene-Liu,West Stephanieborough,Barkertown,MSC,7514.66,4028.0,2025-04-16 08:53:48,2025-05-03 08:53:48,2025-05-03 08:53:48,Medicines,5175.39,Delivered
SHP-43490869,Miller-Williams,Bryanland,Taylorland,ONE,4682.26,8804.88,2025-06-02 02:19:38,2025-06-14 02:19:38,2025-06-25 02:19:38,Textiles,11229.08,Delivered
SHP-39885130,Miller-Williams Inc,West Stephanieborough,West Joshuabury,CMA CGM,9768.69,4200.69,2026-03-06 23:12:40,2026-03-28 23:12:40,2026-03-28 23:12:40,Chemicals,6252.62,Delivered
SHP-7426865,Kim Ltd,Eatonstad,South Jeremyborough,ONE,8317.65,4957.38,2025-11-04 14:30:59,2025-11-25 14:30:59,2025-11-23 14:30:59,Chemicals,6550.44,Delivered
SHP-3940769,"Black, Smith and Wright",Deniseshire,Taylorland,Evergreen,8649.71,4892.22,2025-10-21 21:15:07,2025-11-11 21:15:07,2025-11-09 21:15:07,Electronics,6864.13,Delivered
SHP-32566912,"Anderson, Miller and Johnson",North Johnfort,South Jeremyborough,COSCO,9175.17,3761.36,2025-10-07 19:36:07,2025-10-27 19:36:07,2025-10-26 19:36:07,Medicines,4327.52,Delivered
SHP-20898748,Watson-Welch,Lake Susan,West Stephanieborough,MSC,4244.6,1895.16,2025-06-01 17:44:36,2025-06-13 17:44:36,2025-06-13 17:44:36,Chemicals,2372.99,Delivered
SHP-17617266,"Campbell, Owen and Marquez",West Kara,Deniseshire,MSC,2473.57,1398.97,2025-11-29 22:24:28,2025-12-05 22:24:28,2025-12-15 22:24:28,Textiles,1542.35,Delivered
SHP-18159445,Watson-Welch,Bartlettmouth,Eatonstad,Maersk,3554.23,1674.44,2025-03-28 10:55:51,2025-04-08 10:55:51,2025-04-07 10:55:51,Electronics,2235.63,Delivered
SHP-75744417,Leon-Gordon,West Joshuabury,Taylorland,ONE,3845.68,1913.62,2025-07-17 10:16:04,2025-07-26 10:16:04,2025-08-09 10:16:04,Electronics,2665.12,Delivered
SHP-1697192,"Newman, Brennan and Valdez",Barkertown,West Joshuabury,Maersk,3858.05,2121.91,2026-01-15 15:37:43,2026-01-25 15:37:43,2026-01-25 15:37:43,Chemicals,2858.39,Delivered
SHP-55832464,Chang Group,Brownview,Gravesmouth,Hapag-Lloyd,9487.75,4648.74,2025-08-11 04:41:12,2025-09-02 04:41:12,2025-09-01 04:41:12,Chemicals,5937.72,Delivered
SHP-1402236,"Newman, Brennan and Valdez",West Joshuabury,Taylorland,Maersk,3519.75,1559.66,2026-01-25 11:24:59,2026-02-03 11:24:59,2026-02-03 11:24:59,Chemicals,2248.45,Delivered
SHP-97578915,Adams-Dyer,West Stephanieborough,Deniseshire,Hapag-Lloyd,3336.18,1589.8,2025-06-09 19:18:53,2025-06-20 19:18:53,2025-06-20 19:18:53,Machinery,1800.78,Delivered
SHP-5953799,Johnson-Jennings,Gravesmouth,West Kara,ONE,2245.59,1278.0,2025-07-31 17:41:36,2025-08-09 17:41:36,2025-08-08 17:41:36,Chemicals,1569.04,Delivered
SHP-59933162,"Oneal, Thompson and White",West Joshuabury,West Kara,Maersk,1122.75,669.71,2025-09-30 13:31:00,2025-10-06 13:31:00,2025-10-04 13:31:00,Textiles,880.84,Delivered
SHP-66642078,Vaughn Inc,Lake Derekhaven,Gravesmouth,COSCO,7288.4,3304.15,2025-06-05 01:59:32,2025-06-21 01:59:32,2025-06-21 01:59:32,Chemicals,3982.97,Delivered
SHP-12584605,Quinn-Dixon,Bartlettmouth,South Tiffanytown,Maersk,7441.53,3906.94,2025-07-27 19:39:20,2025-08-14 19:39:20,2025-08-12 19:39:20,Machinery,5706.82,Delivered
SHP-92959584,"Elliott, Sutton and Jackson",Lake Derekhaven,Meganhaven,Evergreen,8992.08,4318.38,2025-08-07 00:10:22,2025-08-26 00:10:22,2025-08-25 00:10:22,Auto Parts,5231.56,Delivered
SHP-85856441,Kim Ltd,West Joshuabury,Barkertown,ONE,3617.46,1936.32,2025-11-01 11:45:02,2025-11-11 11:45:02,2025-11-10 11:45:02,Foodstuff,2338.02,Delivered
SHP-33602934,"Campbell, Owen and Marquez",Taylorland,West Joshuabury,MSC,4914.13,2155.72,2025-11-15 21:23:51,2025-11-29 21:23:51,2025-12-10 21:23:51,Foodstuff,2685.69,Delivered
SHP-93334663,Reese Ltd,West Stephanieborough,Bryanland,Maersk,6262.19,2953.78,2025-10-21 10:21:57,2025-11-07 10:21:57,2025-11-05 10:21:57,Auto Parts,3272.09,Delivered
SHP-30886722,"Oneal, Thompson and White",South Tiffanytown,West Joshuabury,Evergreen,4098.43,1813.11,2026-01-14 08:33:29,2026-01-26 08:33:29,2026-01-26 08:33:29,Medicines,2609.27,Delivered
SHP-18368611,"Black, Smith and Wright",Bryanland,Eatonstad,ONE,1853.12,920.06,2026-01-11 23:45:59,2026-01-17 23:45:59,2026-01-17 23:45:59,Auto Parts,1352.08,Delivered
SHP-71687649,Williams Inc,Brownview,West Kara,ONE,4690.93,2032.25,2025-12-12 22:13:44,2025-12-25 22:13:44,2026-01-03 22:13:44,Electronics,2780.94,Delivered
SHP-48629559,"Oneal, Thompson and White",Bartlettmouth,Brownview,CMA CGM,2661.16,1298.01,2025-10-26 00:27:44,2025-11-03 00:27:44,2025-11-02 00:27:44,Textiles,1452.86,Delivered
SHP-99059728,Castro-Larson,New Chase,North Johnfort,CMA CGM,7104.59,3440.19,2026-02-15 07:15:41,2026-03-06 07:15:41,2026-03-05 07:15:41,Textiles,4171.15,Delivered
SHP-12028464,"Anderson, Miller and Johnson",South Tiffanytown,New Chase,MSC,5532.76,2360.05,2025-09-11 17:02:40,2025-09-24 17:02:40,2025-09-24 17:02:40,Auto Parts,3512.88,Delivered
SHP-50587661,Clark-Lang,Bryanland,South Tiffanytown,Evergreen,8396.36,3489.65,2025-08-10 23:25:24,2025-08-28 23:25:24,2025-09-05 23:25:24,Electronics,4532.72,Delivered
SHP-76874373,"Hines, Parker and Potts",Williamshire,Bartlettmouth,CMA CGM,7281.35,3695.42,2025-12-07 16:58:10,2025-12-23 16:58:10,2025-12-23 16:58:10,Textiles,5404.03,Delivered
SHP-67604987,Miller-Downs Inc,Bartlettmouth,South Tiffanytown,Maersk,8624.56,4065.44,2025-04-07 14:14:58,2025-04-26 14:14:58,2025-04-24 14:14:58,Auto Parts,5967.75,Delivered
SHP-50056979,"Mendez, Mueller and Lee",Taylorland,South Jeremyborough,Evergreen,7134.03,3432.78,2025-06-08 05:43:21,2025-06-26 05:43:21,2025-07-08 05:43:21,Machinery,4238.41,Delivered
SHP-31585035,Reese Ltd,Meganhaven,Brownview,Evergreen,1106.68,570.91,2025-12-05 20:56:16,2025-12-10 20:56:16,2025-12-10 20:56:16,Medicines,653.33,Delivered
SHP-46250595,Fields-Miller,Deniseshire,Gravesmouth,MSC,5121.22,2125.45,2026-01-09 17:49:46,2026-01-21 17:49:46,2026-01-20 17:49:46,Foodstuff,2356.19,Delivered
SHP-70865964,Rogers-Hammond,Deniseshire,Barkertown,Maersk,9595.0,4542.01,2026-03-03 01:32:10,2026-03-27 01:32:10,2026-03-26 01:32:10,Auto Parts,5989.75,Delivered
SHP-10675552,"Newman, Brennan and Valdez",Ginatown,Williamshire,,6062.48,3173.7,2025-05-27 05:15:38,2025-06-10 05:15:38,2025-06-10 05:15:38,Foodstuff,4060.11,Delivered
SHP-63480033,Cooper-Erickson,Barkertown,Eatonstad,CMA CGM,2408.16,1144.14,2025-12-14 04:44:25,2025-12-22 04:44:25,2025-12-22 04:44:25,Textiles,1705.42,Delivered
SHP-15819928,Watson-Welch,South Tiffanytown,Lake Susan,,3685.37,1999.99,2025-03-27 08:26:27,2025-04-07 08:26:27,2025-04-07 08:26:27,Foodstuff,2463.73,Delivered
SHP-69545366,"Young, Whitehead and Smith",South Jeremyborough,Brownview,Maersk,6019.37,3059.73,2025-06-20 02:43:35,2025-07-05 02:43:35,2025-07-03 02:43:35,Chemicals,3578.86,Delivered
SHP-34659415,Mcfarland LLC Inc,West Stephanieborough,Deniseshire,Evergreen,9064.3,4918.65,2025-07-17 21:42:20,2025-08-07 21:42:20,2025-08-06 21:42:20,Machinery,5455.63,Delivered
SHP-68060108,Velazquez Inc,Lake Derekhaven,Gravesmouth,COSCO,2223.86,1252.22,2025-08-08 10:10:18,2025-08-15 10:10:18,2025-08-15 10:10:18,Auto Parts,1828.33,Delivered
SHP-24187151,Bolton and Sons Inc,Eatonstad,South Jeremyborough,Hapag-Lloyd,6046.5,2986.39,2025-05-28 04:57:13,2025-06-13 04:57:13,2025-06-17 04:57:13,Electronics,3637.32,Delivered
SHP-83667363,Kim Ltd,New Chase,Bryanland,Maersk,3039.3,1659.77,2025-10-07 12:01:01,2025-10-15 12:01:01,2025-10-15 12:01:01,Textiles,2461.17,Delivered
SHP-8981099,Miller-Williams,West Joshuabury,West Stephanieborough,ONE,6595.74,3605.49,2025-07-27 08:21:44,2025-08-11 08:21:44,2025-08-10 08:21:44,Medicines,4925.29,Delivered
SHP-64142580,Kim Ltd,South Tiffanytown,Lake Derekhaven,Evergreen,2379.47,1124.05,2025-11-23 08:11:32,2025-12-01 08:11:32,2025-12-08 08:11:32,Chemicals,1494.86,Delivered
SHP-31432138,Mcfarland LLC,Lake Derekhaven,Barkertown,MSC,8010.31,4202.87,2025-11-09 09:09:07,2025-11-30 09:09:07,2025-11-30 09:09:07,Medicines,5226.98,Delivered
SHP-76671951,Hughes-Smith,West Kara,Taylorland,CMA CGM,6565.55,2954.54,2025-05-03 01:42:59,2025-05-19 01:42:59,2025-05-26 01:42:59,Electronics,3367.25,Delivered
SHP-5814910,Fields-Miller Inc,Barkertown,Ginatown,Evergreen,2347.35,1331.16,2025-06-08 01:06:45,2025-06-15 01:06:45,2025-06-13 01:06:45,Machinery,1972.06,Delivered
SHP-70368216,Chang Group,Eatonstad,South Tiffanytown,Evergreen,3197.07,1473.66,2025-07-24 01:42:33,2025-08-01 01:42:33,2025-07-31 01:42:33,Foodstuff,1718.97,Delivered
SHP-78045218,Williams Inc,Bryanland,West Stephanieborough,Maersk,4584.29,2030.1,2025-07-11 12:28:43,2025-07-25 12:28:43,2025-07-25 12:28:43,Auto Parts,2712.02,Delivered
SHP-32497695,Mcbride-Gilmore,Williamshire,North Johnfort,ONE,9002.15,5154.97,2025-03-15 13:59:21,2025-04-07 13:59:21,2025-04-07 13:59:21,Auto Parts,6559.12,Delivered
SHP-21104088,"Campbell, Owen and Marquez",West Joshuabury,North Johnfort,COSCO,3545.31,1472.24,2025-05-02 04:31:46,2025-05-13 04:31:46,2025-05-13 04:31:46,Electronics,2068.36,Delivered
SHP-22730507,Mcfarland LLC,Eatonstad,Lake Susan,COSCO,6480.95,3606.84,2025-11-06 18:05:00,2025-11-23 18:05:00,2025-11-23 18:05:00,Textiles,5151.55,Delivered
SHP-78844072,"Young, Whitehead and Smith",New Chase,Bryanland,Maersk,9578.41,4214.4,2025-09-18 08:29:34,2025-10-11 08:29:34,2025-10-10 08:29:34,Foodstuff,4912.4,Delivered
SHP-8506623,Kim Ltd,Meganhaven,West Kara,ONE,3246.35,1829.26,2025-10-18 07:32:14,2025-10-29 07:32:14,2025-10-28 07:32:14,Auto Parts,2622.2,Delivered
SHP-95195141,Bolton and Sons,West Kara,Gravesmouth,,9477.5,4350.76,2026-01-06 22:51:27,2026-01-26 22:51:27,2026-01-24 22:51:27,Medicines,5926.45,Delivered
SHP-94283803,Chang Group,North Johnfort,West Kara,Evergreen,3840.51,1632.53,2026-03-11 19:43:59,2026-03-20 19:43:59,2026-03-18 19:43:59,Foodstuff,2131.94,Delivered
SHP-65885824,Cooper-Erickson,Barkertown,Taylorland,Hapag-Lloyd,5179.78,2578.1,2025-04-05 00:59:37,2025-04-17 00:59:37,2025-04-15 00:59:37,Textiles,2934.8,Delivered
SHP-96722696,Morales-Williams,Barkertown,New Chase,ONE,9363.92,4169.8,2025-09-16 01:28:23,2025-10-09 01:28:23,2025-10-07 01:28:23,Textiles,6033.18,Delivered
SHP-2497797,Castro-Larson,New Chase,South Jeremyborough,ONE,3126.45,1817.44,2025-07-25 19:09:02,2025-08-04 19:09:02,2025-08-04 19:09:02,Auto Parts,2521.51,Delivered
SHP-66602670,"Anderson, Miller and Johnson",West Kara,Taylorland,Maersk,6477.71,3884.07,2025-08-09 13:21:23,2025-08-24 13:21:23,2025-08-22 13:21:23,Auto Parts,5216.76,Delivered
SHP-47893677,Reese Ltd,West Joshuabury,North Johnfort,Hapag-Lloyd,5565.25,2892.24,2025-12-10 21:36:20,2025-12-24 21:36:20,2025-12-24 21:36:20,Chemicals,4247.22,Delivered
SHP-25787637,Bailey LLC Inc,West Joshuabury,Ginatown,ONE,7769.5,3251.22,2025-12-22 12:29:30,2026-01-10 12:29:30,2026-01-24 12:29:30,Textiles,3701.88,Delivered
SHP-39052257,Greene-Liu,Bryanland,West Joshuabury,Evergreen,8810.6,13455.23,2025-11-27 01:11:18,2025-12-18 01:11:18,2025-12-16 01:11:18,Machinery,19792.48,Delivered
SHP-24518677,Pope Inc,Barkertown,South Tiffanytown,MSC,4751.07,2440.13,2025-03-21 13:02:23,2025-04-04 13:02:23,2025-04-03 13:02:23,Machinery,3466.69,Delivered
SHP-30008003,Hall-Mills,Bryanland,South Jeremyborough,Hapag-Lloyd,8334.4,4503.64,2025-08-21 04:15:21,2025-09-09 04:15:21,2025-09-21 04:15:21,Electronics,5237.01,Delivered
SHP-69975625,Chang Group,Williamshire,Bryanland,CMA CGM,4903.3,2681.38,2025-05-03 05:05:39,2025-05-14 05:05:39,2025-05-13 05:05:39,Machinery,3553.41,Delivered
SHP-37560963,Greene-Liu,Deniseshire,West Kara,Maersk,5341.64,3189.53,2025-08-14 10:20:46,2025-08-26 10:20:46,2025-08-26 10:20:46,Auto Parts,4477.83,Delivered
SHP-88971722,Martin-Taylor,Brownview,North Johnfort,Hapag-Lloyd,7814.69,4577.32,2025-08-07 13:58:35,2025-08-24 13:58:35,2025-08-23 13:58:35,Foodstuff,5338.29,Delivered
SHP-23292759,Hernandez-Edwards,West Joshuabury,West Stephanieborough,MSC,3381.83,1577.14,2025-04-23 21:00:43,2025-05-04 21:00:43,2025-05-17 21:00:43,Auto Parts,1738.26,Delivered
SHP-12295353,"Jenkins, Caldwell and Hughes",Eatonstad,Taylorland,Hapag-Lloyd,4213.77,1910.75,2025-04-08 15:15:51,2025-04-21 15:15:51,2025-04-21 15:15:51,Auto Parts,2748.75,Delivered
SHP-52988816,Greene-Liu,West Kara,Taylorland,Evergreen,8493.98,4999.15,2025-11-15 15:26:35,2025-12-03 15:26:35,2025-12-07 15:26:35,Textiles,6878.83,Delivered
SHP-63823980,Pope Inc,Deniseshire,West Joshuabury,Evergreen,8638.78,3566.24,2025-04-10 03:51:16,2025-04-29 03:51:16,2025-04-29 03:51:16,Machinery,4948.27,Delivered
SHP-65608937,"Hines, Parker and Potts",West Joshuabury,Eatonstad,,2390.18,1104.73,2025-09-13 05:59:35,2025-09-21 05:59:35,2025-09-20 05:59:35,Electronics,1299.76,Delivered
SHP-41092762,"Newman, Brennan and Valdez",New Chase,North Johnfort,Hapag-Lloyd,9729.11,3893.64,2025-12-26 22:04:34,2026-01-19 22:04:34,2026-01-19 22:04:34,Chemicals,5777.13,Delivered
SHP-78565364,Pope Inc,West Kara,North Johnfort,ONE,3870.45,2018.26,2025-12-15 08:24:14,2025-12-24 08:24:14,2025-12-22 08:24:14,Textiles,2393.79,Delivered
SHP-82056933,Chang Group,West Joshuabury,South Tiffanytown,Evergreen,7024.25,2905.35,2026-02-10 18:57:27,2026-02-27 18:57:27,2026-03-08 18:57:27,Auto Parts,3302.29,Delivered
SHP-57565593,Greene-Liu,North Johnfort,Brownview,Maersk,698.34,354.83,2025-08-20 03:00:16,2025-08-25 03:00:16,2025-09-03 03:00:16,Textiles,411.02,Delivered
SHP-95728349,Clark-Lang,Barkertown,New Chase,MSC,3300.61,1688.35,2025-06-24 12:56:11,2025-07-03 12:56:11,2025-07-02 12:56:11,Medicines,2000.36,Delivered
SHP-18642935,Cooper-Erickson,Bryanland,Bartlettmouth,COSCO,1524.93,632.98,2025-05-20 14:13:09,2025-05-25 14:13:09,2025-05-25 14:13:09,Medicines,875.21,Delivered
SHP-17027033,"Murphy, Johnson and Turner",Taylorland,Bartlettmouth,Maersk,3922.35,1931.03,2026-02-12 15:35:25,2026-02-23 15:35:25,2026-02-22 15:35:25,Textiles,2649.36,Delivered
SHP-95882564,Vaughn Inc,South Tiffanytown,Gravesmouth,COSCO,1975.04,920.82,2025-09-02 10:22:46,2025-09-08 10:22:46,2025-09-07 10:22:46,Electronics,1088.84,Delivered
SHP-62292476,"Elliott, Sutton and Jackson",Ginatown,Deniseshire,CMA CGM,9331.41,4449.65,2025-11-09 09:48:04,2025-11-29 09:48:04,2025-11-28 09:48:04,Chemicals,5126.08,Delivered
SHP-72522779,Pope Inc,Bartlettmouth,West Joshuabury,Hapag-Lloyd,7687.35,4108.76,2025-03-30 09:33:06,2025-04-19 09:33:06,2025-04-18 09:33:06,Chemicals,6095.77,Delivered
SHP-10318919,Greene-Liu,Eatonstad,Bryanland,MSC,5133.69,2926.26,2025-10-07 03:20:28,2025-10-19 03:20:28,2025-10-19 03:20:28,Textiles,3596.92,Delivered
SHP-84874564,Weiss Inc,North Johnfort,Deniseshire,MSC,6725.26,3825.84,2025-12-01 00:15:38,2025-12-16 00:15:38,2025-12-26 00:15:38,Textiles,5225.04,Delivered
SHP-6337607,Mcfarland LLC,Lake Derekhaven,New Chase,MSC,8344.32,3907.56,2025-11-12 04:49:55,2025-12-03 04:49:55,2025-12-07 04:49:55,Foodstuff,4423.12,Delivered
SHP-82454128,Watson-Welch Inc,Ginatown,Barkertown,CMA CGM,6883.07,2930.02,2026-02-16 16:05:52,2026-03-03 16:05:52,2026-03-03 16:05:52,Auto Parts,4106.66,Delivered
SHP-32984760,"Hines, Parker and Potts",Meganhaven,Lake Derekhaven,CMA CGM,3355.57,1922.38,2025-09-30 18:14:08,2025-10-11 18:14:08,2025-10-09 18:14:08,Auto Parts,2227.86,Delivered
SHP-32161018,"Hines, Parker and Potts",South Tiffanytown,Williamshire,Maersk,9331.55,4802.03,2025-06-06 10:08:10,2025-06-26 10:08:10,2025-06-25 10:08:10,Textiles,7104.47,Delivered
SHP-77596677,"Campbell, Owen and Marquez",Barkertown,West Stephanieborough,MSC,1085.19,618.42,2026-01-04 12:21:22,2026-01-11 12:21:22,2026-01-09 12:21:22,Machinery,863.14,Delivered
SHP-75454603,"Anderson, Miller and Johnson",Eatonstad,Ginatown,MSC,9898.86,5134.5,2025-04-03 18:02:04,2025-04-25 18:02:04,2025-04-25 18:02:04,Foodstuff,6344.84,Delivered
SHP-32770678,Morales-Williams Inc,North Johnfort,Barkertown,Evergreen,6873.38,3142.73,2025-06-01 13:13:35,2025-06-17 13:13:35,2025-06-15 13:13:35,Foodstuff,4152.73,Delivered
SHP-98368302,"Newman, Brennan and Valdez Inc",West Stephanieborough,Lake Derekhaven,Hapag-Lloyd,7927.54,3191.62,2025-04-24 12:31:28,2025-05-11 12:31:28,2025-05-11 12:31:28,Chemicals,4651.63,Delivered
SHP-26118076,Wyatt-Peterson,North Johnfort,South Tiffanytown,MSC,6335.44,3632.15,2025-03-25 19:00:08,2025-04-09 19:00:08,2025-04-07 19:00:08,Electronics,4571.91,Delivered
SHP-1033306,Hernandez-Edwards,Gravesmouth,West Joshuabury,Hapag-Lloyd,3197.77,1898.81,2025-10-23 08:42:05,2025-10-31 08:42:05,2025-11-13 08:42:05,Textiles,2511.62,Delivered
SHP-32646382,Weiss Inc,Bartlettmouth,West Stephanieborough,Evergreen,2700.66,1555.45,2025-05-24 16:20:09,2025-06-03 16:20:09,2025-06-02 16:20:09,Textiles,1862.48,Delivered
SHP-8672804,Wyatt-Peterson,Deniseshire,Gravesmouth,COSCO,7004.49,4142.64,2025-10-10 06:52:25,2025-10-28 06:52:25,2025-10-28 06:52:25,Foodstuff,6098.05,Delivered
SHP-61162418,Sutton Group,West Joshuabury,North Johnfort,MSC,7892.58,3894.92,2025-10-12 00:08:03,2025-10-29 00:08:03,2025-10-29 00:08:03,Auto Parts,4738.48,Delivered
SHP-66497209,Johnson-Jennings,Meganhaven,South Tiffanytown,CMA CGM,6141.12,12527.63,2025-08-17 08:10:35,2025-08-31 08:10:35,2025-08-29 08:10:35,Foodstuff,14217.4,Delivered
SHP-13422378,Reese Ltd,Meganhaven,Bryanland,,7698.72,3224.59,2025-12-09 22:07:21,2025-12-28 22:07:21,2026-01-08 22:07:21,Machinery,3732.76,Delivered
SHP-79060738,"Oneal, Thompson and White",Taylorland,Bryanland,Hapag-Lloyd,4713.7,2354.47,2026-01-11 18:34:28,2026-01-23 18:34:28,2026-01-21 18:34:28,Auto Parts,2649.35,Delivered
SHP-23637392,Clark-Lang,West Joshuabury,North Johnfort,MSC,8554.08,3957.22,2025-06-29 15:55:12,2025-07-21 15:55:12,2025-07-19 15:55:12,Textiles,5350.44,Delivered
SHP-55352650,Wyatt-Peterson,West Joshuabury,Eatonstad,CMA CGM,2476.24,1364.17,2025-08-19 21:57:43,2025-08-27 21:57:43,2025-08-26 21:57:43,Electronics,1941.76,Delivered
SHP-25298128,"Newman, Brennan and Valdez",Barkertown,Brownview,Maersk,6388.27,2710.01,2026-01-23 10:45:57,2026-02-06 10:45:57,2026-02-11 10:45:57,Chemicals,3068.72,Delivered
SHP-41154557,"Smith, Bowers and Kim",Taylorland,New Chase,Maersk,9297.57,4491.29,2025-05-19 15:49:20,2025-06-08 15:49:20,2025-06-11 15:49:20,Medicines,5069.29,Delivered
SHP-7631056,Olson-Brown,Meganhaven,South Jeremyborough,ONE,6764.3,14541.03,2026-03-11 14:14:26,2026-03-27 14:14:26,2026-03-26 14:14:26,Foodstuff,19400.87,Delivered
SHP-5540184,Miller-Williams,West Kara,New Chase,COSCO,839.44,351.72,2025-08-16 11:48:24,2025-08-21 11:48:24,2025-08-20 11:48:24,Auto Parts,454.29,Delivered
SHP-17470697,Mcfarland LLC,Lake Susan,Eatonstad,MSC,7294.18,3775.61,2025-06-10 05:33:57,2025-06-28 05:33:57,2025-06-27 05:33:57,Auto Parts,4409.85,Delivered
SHP-98056701,"Anderson, Miller and Johnson",North Johnfort,West Joshuabury,CMA CGM,9885.06,5495.76,2025-09-13 08:19:06,2025-10-07 08:19:06,2025-10-05 08:19:06,Medicines,6367.37,Delivered
SHP-54043755,Williams Inc,West Joshuabury,West Stephanieborough,Hapag-Lloyd,9267.6,4317.58,2026-01-11 02:06:57,2026-02-03 02:06:57,2026-02-03 02:06:57,Chemicals,5761.75,Delivered
SHP-27866751,Greene-Liu,Williamshire,West Kara,MSC,7530.35,4489.0,2026-01-29 04:15:56,2026-02-16 04:15:56,2026-02-16 04:15:56,Chemicals,5150.96,Delivered
SHP-54245038,Reese Ltd Inc,New Chase,West Stephanieborough,CMA CGM,3266.34,1776.4,2026-01-17 22:34:47,2026-01-26 22:34:47,2026-01-25 22:34:47,Foodstuff,2237.09,Delivered
SHP-60631720,"Young, Whitehead and Smith",Lake Derekhaven,Taylorland,Evergreen,6123.11,2560.98,2025-10-26 03:48:15,2025-11-09 03:48:15,2025-11-08 03:48:15,Textiles,3268.14,Delivered
SHP-70132049,"Black, Smith and Wright",South Tiffanytown,Barkertown,COSCO,1262.43,520.9,2026-03-09 05:08:07,2026-03-14 05:08:07,2026-03-13 05:08:07,Textiles,679.11,Delivered
SHP-93004757,Mcbride-Gilmore,South Jeremyborough,Ginatown,Hapag-Lloyd,6464.99,2667.51,2025-08-17 05:44:09,2025-09-01 05:44:09,2025-09-09 05:44:09,Medicines,3425.8,Delivered
SHP-6925846,Johnson-Jennings,South Tiffanytown,Meganhaven,Maersk,3417.93,1688.53,2025-04-07 19:34:07,2025-04-16 19:34:07,2025-04-14 19:34:07,Medicines,2325.66,Delivered
SHP-33773183,"Newman, Brennan and Valdez",Brownview,Lake Susan,MSC,1568.85,909.58,2025-09-18 16:53:18,2025-09-26 16:53:18,2025-09-24 16:53:18,Electronics,1102.33,Delivered
SHP-23243744,"Oneal, Thompson and White",New Chase,Ginatown,Evergreen,8749.23,4987.98,2025-11-02 01:24:01,2025-11-23 01:24:01,2025-11-29 01:24:01,Electronics,7400.15,Delivered
SHP-15802675,Hernandez-Edwards Inc,Eatonstad,Ginatown,COSCO,2881.77,1590.52,2026-03-04 21:38:29,2026-03-11 21:38:29,2026-03-23 21:38:29,Chemicals,2062.59,Delivered
SHP-39866368,Miller-Downs,Gravesmouth,Deniseshire,COSCO,771.53,381.29,2025-09-06 22:04:58,2025-09-12 22:04:58,2025-09-11 22:04:58,Textiles,439.66,Delivered
SHP-98561134,Morales-Williams,Deniseshire,Ginatown,Maersk,6398.93,3296.07,2025-06-17 01:32:22,2025-07-04 01:32:22,2025-07-04 01:32:22,Machinery,3784.0,Delivered
SHP-5525191,Miller-Downs,South Jeremyborough,Deniseshire,CMA CGM,3122.99,1260.25,2025-03-14 17:16:09,2025-03-25 17:16:09,2025-03-25 17:16:09,Machinery,1790.48,Delivered
SHP-27479477,Bolton and Sons,Meganhaven,Bryanland,COSCO,6751.88,3650.15,2025-11-09 00:38:34,2025-11-25 00:38:34,2025-11-23 00:38:34,Machinery,5409.56,Delivered
SHP-32568781,Greene-Liu,Deniseshire,Ginatown,Evergreen,8355.38,3927.35,2025-09-29 07:33:01,2025-10-20 07:33:01,2025-10-19 07:33:01,Chemicals,4656.82,Delivered
SHP-51887793,Mcbride-Gilmore,Bryanland,South Tiffanytown,ONE,2906.14,1329.54,2025-07-24 13:02:36,2025-07-31 13:02:36,2025-07-30 13:02:36,Foodstuff,1474.59,Delivered
SHP-79091747,"Oneal, Thompson and White",New Chase,North Johnfort,Evergreen,7732.58,4072.18,2025-08-15 16:31:51,2025-09-03 16:31:51,2025-09-03 16:31:51,Machinery,5145.23,Delivered
SHP-14609362,Mcfarland LLC,Barkertown,South Jeremyborough,COSCO,8650.37,19131.68,2025-04-11 23:25:27,2025-05-02 23:25:27,2025-04-30 23:25:27,Textiles,28103.04,Delivered
SHP-90227314,Adams-Dyer,Eatonstad,West Kara,Maersk,2290.19,1022.23,2025-07-25 01:08:24,2025-08-03 01:08:24,2025-08-01 01:08:24,Medicines,1294.15,Delivered
SHP-95122356,Cooper-Erickson,New Chase,Bryanland,ONE,9931.92,4464.91,2025-12-05 16:43:17,2025-12-29 16:43:17,2025-12-27 16:43:17,Foodstuff,5596.33,Delivered
SHP-26177939,"Young, Whitehead and Smith",Gravesmouth,South Tiffanytown,Evergreen,3950.14,1955.32,2026-03-06 08:06:58,2026-03-18 08:06:58,2026-03-18 08:06:58,Machinery,2737.99,Delivered
SHP-60374289,Olson-Brown,South Jeremyborough,Williamshire,ONE,3707.22,2080.15,2025-04-20 11:28:21,2025-05-01 11:28:21,2025-05-05 11:28:21,Textiles,2855.45,Delivered
SHP-13361510,Quinn-Dixon Inc,Ginatown,West Joshuabury,,4978.16,2537.06,2025-05-04 13:14:54,2025-05-16 13:14:54,2025-05-15 13:14:54,Medicines,3221.84,Delivered
SHP-55139440,Weiss Inc,Gravesmouth,New Chase,MSC,5091.82,2585.39,2025-12-19 22:54:41,2026-01-01 22:54:41,2025-12-30 22:54:41,Electronics,3467.7,Delivered
SHP-92686127,"Anderson, Miller and Johnson",South Tiffanytown,Eatonstad,ONE,9315.18,20960.46,2025-07-12 19:00:33,2025-08-04 19:00:33,2025-08-02 19:00:33,Medicines,26776.87,Delivered
SHP-89544705,Cooper-Erickson,North Johnfort,South Jeremyborough,Maersk,9692.47,4058.43,2025-07-02 04:00:08,2025-07-24 04:00:08,2025-07-30 04:00:08,Machinery,4716.93,Delivered
SHP-45495395,Sutton Group,Ginatown,Deniseshire,ONE,725.45,421.34,2026-02-01 11:46:23,2026-02-06 11:46:23,2026-02-05 11:46:23,Medicines,590.94,Delivered
SHP-54102560,Martin-Taylor,Bartlettmouth,Meganhaven,CMA CGM,9633.18,5262.86,2025-12-12 15:17:06,2026-01-04 15:17:06,2026-01-03 15:17:06,Electronics,7766.24,Delivered
